method_id,component_id,boundary_id,sample_index,local_sample_index,t_boundary,reasons,position_jump_m,velocity_jump_mps,acceleration_jump_mps2,jerk_jump_mps3,position_continuity_ok,velocity_continuity_ok,shared_state_confidence,shared_state_method,harmonized_velocity_east_mps,harmonized_velocity_north_mps,harmonized_velocity_up_mps,left_prefit_rmse_3d_m,right_prefit_rmse_3d_m,velocity_clip
bea_v_spline_balanced,comp_0001,comp_0001_bnd_0001,226,226,1766850398.0,"[""dynamic_boundary_selection"", ""local_altitude_minimum"", ""vertical_mode_reversal_descent_to_level"", ""vertical_reversal_transition""]",3.885363069147175e-12,4.3499439195331934e-13,0.22824808179952435,0.02663194797869563,True,True,0.7627445563176714,weighted_raw_and_robust_position_with_robust_local_quadratic_velocity,16.411259308653516,117.75916259038054,-0.8756364018535722,37.91818210783333,22.467918703919807,"{""clipped"": false, ""speed_limit_mps"": 295.81227921114095, ""speed_mps_before_clip"": 118.90044804453765}"
bea_v_spline_balanced,comp_0001,comp_0001_bnd_0002,591,591,1766850763.0,"[""dynamic_boundary_selection"", ""local_altitude_minimum"", ""vertical_mode_reversal_descent_to_level"", ""vertical_reversal_transition""]",1.9426815345735873e-12,9.351401089234282e-13,0.11031809573349487,0.07886502943826025,True,True,0.8239786674883972,weighted_raw_and_robust_position_with_robust_local_quadratic_velocity,7.206011260096237,79.6404971709648,-0.7171827370500274,22.467918703919807,17.21774940344887,"{""clipped"": false, ""speed_limit_mps"": 201.9294941838188, ""speed_mps_before_clip"": 79.96905488373243}"
bea_v_spline_balanced,comp_0001,comp_0001_bnd_0003,855,855,1766851029.0,"[""altitude_lobe_descent_to_climb"", ""altitude_lobe_transition"", ""dynamic_boundary_selection"", ""large_vertical_excursion"", ""local_altitude_minimum"", ""vertical_mode_reversal_descent_to_climb"", ""vertical_reversal_transition""]",1.4551942983915998e-11,1.559056383435156e-11,0.36529659121287666,0.10196532611202173,True,True,0.7162125300406689,weighted_raw_and_robust_position_with_robust_local_quadratic_velocity,5.668662567037291,64.98082049663715,-1.0469590808582825,17.21774940344887,22.7587799570522,"{""clipped"": false, ""speed_limit_mps"": 157.80195178242226, ""speed_mps_before_clip"": 65.23600915929867}"
bea_v_spline_balanced,comp_0001,comp_0001_bnd_0004,880,880,1766851074.0,"[""altitude_lobe_climb_to_descent"", ""altitude_lobe_transition"", ""dynamic_boundary_selection"", ""large_vertical_excursion"", ""local_altitude_maximum"", ""vertical_mode_reversal_climb_to_descent"", ""vertical_reversal_transition""]",1.1368683772161603e-13,1.3363591061299506e-12,0.4002926275538294,0.02627251806163098,True,True,0.7251762367255845,weighted_raw_and_robust_position_with_robust_local_quadratic_velocity,9.895760239902147,73.70649315910231,1.3986563674666306,22.7587799570522,29.59887760225539,"{""clipped"": false, ""speed_limit_mps"": 185.22837535719415, ""speed_mps_before_clip"": 74.38097501493698}"
bea_v_spline_balanced,comp_0001,comp_0001_bnd_0005,901,901,1766851097.0,"[""boundary_shift_-3_samples"", ""descent_state_transition"", ""dynamic_boundary_selection"", ""energy_etalon_transition"", ""energy_state_transition"", ""optimized_boundary_sample"", ""regime_from_descent"", ""regime_state_transition"", ""regime_to_level_accel"", ""speed_change_transition""]",2.2737367544323206e-13,1.8525109163710024e-12,0.3519793592053382,0.018896985401933304,True,True,0.7306499448756781,weighted_raw_and_robust_position_with_robust_local_quadratic_velocity,15.698529951636448,83.52541625178164,-0.9286645191414746,29.59887760225539,26.071290120573593,"{""clipped"": false, ""speed_limit_mps"": 207.77391389791563, ""speed_mps_before_clip"": 84.99294923971593}"
bea_v_spline_balanced,comp_0001,comp_0001_bnd_0006,921,921,1766851119.0,"[""boundary_shift_-1_samples"", ""climb_state_transition"", ""dynamic_boundary_selection"", ""energy_etalon_transition"", ""energy_state_transition"", ""optimized_boundary_sample"", ""regime_from_climb"", ""regime_state_transition"", ""regime_to_level_accel"", ""speed_change_transition""]",1.5003647852707815e-11,5.461293840725609e-12,0.3994240940146577,0.03263876622628575,True,True,0.7530020266784084,weighted_raw_and_robust_position_with_robust_local_quadratic_velocity,17.200817004806407,87.97351606098542,1.6045527502620203,26.071290120573593,32.26747747237591,"{""clipped"": false, ""speed_limit_mps"": 225.73019759729556, ""speed_mps_before_clip"": 89.65367936283302}"
bea_v_spline_balanced,comp_0001,comp_0001_bnd_0007,1022,1022,1766851223.0,"[""dynamic_boundary_selection"", ""regime_from_straight"", ""regime_state_transition"", ""regime_to_turn_left_slow"", ""turn_etalon_transition"", ""turn_state_transition""]",1.4552359310800645e-11,3.400187662740629e-12,0.3429657769445412,0.08123376084354147,True,True,0.727883183816014,weighted_raw_and_robust_position_with_robust_local_quadratic_velocity,19.59102228600684,96.04135732838195,0.30316323021233654,32.26747747237591,23.714366950879466,"{""clipped"": false, ""speed_limit_mps"": 240.5060036297652, ""speed_mps_before_clip"": 98.01960201731548}"
bea_v_spline_balanced,comp_0001,comp_0001_bnd_0008,1104,1104,1766851315.0,"[""boundary_shift_-2_samples"", ""dynamic_boundary_selection"", ""energy_etalon_transition"", ""energy_state_transition"", ""optimized_boundary_sample"", ""regime_from_energy_constant"", ""regime_from_turn_left_slow"", ""regime_state_transition"", ""regime_to_energy_loss"", ""regime_to_straight"", ""turn_etalon_transition"", ""turn_state_transition""]",9.374856803373542e-13,4.915602914233347e-12,0.11883861729986339,0.06494453253910798,True,True,0.7713231142024978,weighted_raw_and_robust_position_with_robust_local_quadratic_velocity,-82.04556450229138,-80.21441680903567,0.009506087637284711,23.714366950879466,58.81814521969666,"{""clipped"": false, ""speed_limit_mps"": 287.77396544260057, ""speed_mps_before_clip"": 114.74243944103273}"
bea_v_spline_balanced,comp_0001,comp_0001_bnd_0009,1180,1180,1766851392.0,"[""boundary_shift_+3_samples"", ""dynamic_boundary_selection"", ""optimized_boundary_sample"", ""regime_from_straight"", ""regime_state_transition"", ""regime_to_turn_left_slow"", ""turn_etalon_transition"", ""turn_state_transition""]",1.455768724336046e-11,4.378842137295257e-12,0.6873590197657665,0.15019995096898506,True,True,0.5965139340322104,weighted_raw_and_robust_position_with_robust_local_quadratic_velocity,-84.94066579967846,-83.96916393296824,-0.057507769072645695,58.81814521969666,85.39711018251086,"{""clipped"": false, ""speed_limit_mps"": 286.8031058687986, ""speed_mps_before_clip"": 119.43927538811455}"
bea_v_spline_balanced,comp_0001,comp_0001_bnd_0010,1230,1230,1766851445.0,"[""dynamic_boundary_selection"", ""regime_from_turn_left_slow"", ""regime_state_transition"", ""regime_to_straight"", ""turn_etalon_transition"", ""turn_state_transition""]",1.4552470329291656e-11,3.268767629457885e-12,0.2309935265403251,0.0761680446452418,True,True,0.6373201344289432,weighted_raw_and_robust_position_with_robust_local_quadratic_velocity,-1.2713319965583452,-132.43316670239665,0.7582685080823237,85.39711018251086,56.38128025144288,"{""clipped"": false, ""speed_limit_mps"": 324.10347786004377, ""speed_mps_before_clip"": 132.44143950818645}"
bea_v_spline_balanced,comp_0001,comp_0001_bnd_0011,1282,1282,1766851506.0,"[""boundary_shift_+1_samples"", ""boundary_shift_-3_samples"", ""climb_state_transition"", ""dynamic_boundary_selection"", ""energy_etalon_transition"", ""energy_state_transition"", ""optimized_boundary_sample"", ""regime_from_climb"", ""regime_from_energy_constant"", ""regime_state_transition"", ""regime_to_climb"", ""regime_to_level_decel"", ""speed_change_transition""]",4.36558937145862e-11,7.816731180423613e-12,0.24613024012414828,0.06194563882984432,True,True,0.5651088408148973,weighted_raw_and_robust_position_with_robust_local_quadratic_velocity,-0.2078417274171547,-122.14324644322976,1.258671319856015,56.38128025144288,32.79983093332856,"{""clipped"": false, ""speed_limit_mps"": 313.8176819102788, ""speed_mps_before_clip"": 122.14990832320196}"
bea_v_spline_balanced,comp_0001,comp_0001_bnd_0012,1345,1345,1766851571.0,"[""boundary_shift_-2_samples"", ""climb_state_transition"", ""dynamic_boundary_selection"", ""energy_etalon_transition"", ""energy_state_transition"", ""optimized_boundary_sample"", ""regime_from_energy_gain"", ""regime_from_level_accel"", ""regime_state_transition"", ""regime_to_climb"", ""regime_to_level_accel"", ""speed_change_transition""]",1.4552470329291656e-11,1.705485974056831e-12,0.16723556976935056,0.07224107058915327,True,True,0.7417909608981101,weighted_raw_and_robust_position_with_robust_local_quadratic_velocity,0.1902896527197218,-109.14041593593544,0.8795477812764183,32.79983093332856,27.299217738515175,"{""clipped"": false, ""speed_limit_mps"": 281.66204700765326, ""speed_mps_before_clip"": 109.14412583882134}"
bea_v_spline_balanced,comp_0001,comp_0001_bnd_0013,1394,1394,1766851621.0,"[""boundary_shift_+1_samples"", ""dynamic_boundary_selection"", ""energy_etalon_transition"", ""energy_state_transition"", ""optimized_boundary_sample"", ""regime_from_energy_constant"", ""regime_from_straight"", ""regime_state_transition"", ""regime_to_level_decel"", ""regime_to_turn_left_slow"", ""speed_change_transition"", ""turn_etalon_transition"", ""turn_state_transition""]",0.0,6.86385644393088e-12,0.48737412505318034,0.06651167767512949,True,True,0.7225452010895226,weighted_raw_and_robust_position_with_robust_local_quadratic_velocity,0.7017931146935926,-107.64703579095125,0.5852867592082511,27.299217738515175,26.865551409103105,"{""clipped"": false, ""speed_limit_mps"": 279.1287715776375, ""speed_mps_before_clip"": 107.65091448169251}"
bea_v_spline_balanced,comp_0001,comp_0001_bnd_0014,1422,1422,1766851652.0,"[""boundary_shift_+2_samples"", ""climb_state_transition"", ""dynamic_boundary_selection"", ""energy_etalon_transition"", ""energy_state_transition"", ""optimized_boundary_sample"", ""regime_from_level_decel"", ""regime_state_transition"", ""regime_to_climb"", ""speed_change_transition""]",1.4556355443045712e-11,3.3120867859825687e-12,0.5907338650621187,0.054042821987374735,True,True,0.7745300463191941,weighted_raw_and_robust_position_with_robust_local_quadratic_velocity,67.91628724615308,-83.35781899156301,1.1431966901094235,26.865551409103105,23.019793154925576,"{""clipped"": false, ""speed_limit_mps"": 280.46739439756703, ""speed_mps_before_clip"": 107.52885640145362}"
bea_v_spline_balanced,comp_0001,comp_0001_bnd_0015,1437,1437,1766851671.0,"[""boundary_shift_+2_samples"", ""climb_state_transition"", ""dynamic_boundary_selection"", ""energy_etalon_transition"", ""energy_state_transition"", ""optimized_boundary_sample"", ""regime_from_level_decel"", ""regime_state_transition"", ""regime_to_climb"", ""speed_change_transition""]",1.4552359310800645e-11,5.710111878141592e-13,0.7769944519110555,0.07052019542577968,True,True,0.7198554859521864,weighted_raw_and_robust_position_with_robust_local_quadratic_velocity,101.17237600109951,-33.67844976673646,0.5389855158742173,23.019793154925576,31.828335322648744,"{""clipped"": false, ""speed_limit_mps"": 258.5470798974831, ""speed_mps_before_clip"": 106.63197526907568}"
bea_v_spline_balanced,comp_0001,comp_0001_bnd_0016,1455,1455,1766851690.0,"[""boundary_shift_+2_samples"", ""descent_state_transition"", ""dynamic_boundary_selection"", ""energy_etalon_transition"", ""energy_state_transition"", ""optimized_boundary_sample"", ""regime_from_descent"", ""regime_from_energy_loss"", ""regime_state_transition"", ""regime_to_energy_constant"", ""regime_to_energy_loss""]",5.084229945850415e-13,5.100217155486591e-13,0.5123044369786126,0.0719071436658568,True,True,0.7109972907830938,weighted_raw_and_robust_position_with_robust_local_quadratic_velocity,95.74025337758536,-27.86161079564596,0.0280272665288462,31.828335322648744,34.83974105698723,"{""clipped"": false, ""speed_limit_mps"": 243.0754694637088, ""speed_mps_before_clip"": 99.711916331299}"
bea_v_spline_balanced,comp_0001,comp_0001_bnd_0017,1499,1499,1766851739.0,"[""boundary_shift_-1_samples"", ""boundary_shift_-4_samples"", ""dynamic_boundary_selection"", ""energy_etalon_transition"", ""energy_state_transition"", ""optimized_boundary_sample"", ""regime_from_energy_constant"", ""regime_from_turn_left_slow"", ""regime_state_transition"", ""regime_to_level_decel"", ""regime_to_turn_left_medium"", ""speed_change_transition"", ""turn_etalon_transition"", ""turn_state_transition""]",0.0,3.4981940329353084e-12,1.4708893207309808,0.16923203470915665,True,True,0.7727133614676794,weighted_raw_and_robust_position_with_robust_local_quadratic_velocity,58.25709207967605,51.66940725161809,-0.5777129612585278,34.83974105698723,39.46305981967896,"{""clipped"": false, ""speed_limit_mps"": 197.0995190248286, ""speed_mps_before_clip"": 77.87136942149549}"
bea_v_spline_balanced,comp_0001,comp_0001_bnd_0018,1512,1512,1766851754.0,"[""boundary_shift_+3_samples"", ""dynamic_boundary_selection"", ""optimized_boundary_sample"", ""regime_from_turn_left_medium"", ""regime_state_transition"", ""regime_to_turn_left_slow"", ""turn_etalon_transition"", ""turn_state_transition""]",1.4555911482528855e-11,2.2925328558047906e-13,0.7749761279671834,0.08872290331811652,True,True,0.7673673888757446,weighted_raw_and_robust_position_with_robust_local_quadratic_velocity,21.098180431446476,65.32495874909958,-0.26372696445530797,39.46305981967896,28.268815319480368,"{""clipped"": false, ""speed_limit_mps"": 168.1623248567936, ""speed_mps_before_clip"": 68.6480371533026}"
bea_v_spline_balanced,comp_0001,comp_0001_bnd_0019,1548,1548,1766851790.0,"[""boundary_shift_-1_samples"", ""dynamic_boundary_selection"", ""optimized_boundary_sample"", ""regime_from_turn_left_slow"", ""regime_state_transition"", ""regime_to_straight"", ""turn_etalon_transition"", ""turn_state_transition""]",1.5003647852707815e-11,2.880297705983712e-12,0.13150797355216892,0.005255907978406461,True,True,0.8193704441659799,weighted_raw_and_robust_position_with_robust_local_quadratic_velocity,7.423786064751594,62.60430283123221,0.055463699098936795,28.268815319480368,16.42303973966964,"{""clipped"": false, ""speed_limit_mps"": 153.04709, ""speed_mps_before_clip"": 63.04295685278211}"
bea_v_spline_balanced,comp_0001,comp_0001_bnd_0020,1749,1749,1766851992.0,"[""dynamic_boundary_selection"", ""go_around_transition"", ""local_altitude_minimum"", ""vertical_mode_reversal_descent_to_climb""]",5.684341886080802e-14,4.602649920770331e-13,3.251994815022669,0.48928442461505883,True,True,0.7421636976681092,weighted_raw_and_robust_position_with_robust_local_quadratic_velocity,4.059221096271721,65.4569186986193,-3.44306099392445,16.42303973966964,35.55603518285351,"{""clipped"": false, ""speed_limit_mps"": 160.19493751975844, ""speed_mps_before_clip"": 65.67297884544266}"
bea_v_spline_balanced,comp_0001,comp_0001_bnd_0021,1780,1780,1766852025.0,"[""dynamic_boundary_selection"", ""local_altitude_maximum"", ""vertical_mode_reversal_climb_to_level"", ""vertical_reversal_transition""]",1.4665602066088468e-11,9.247407131279916e-13,0.9749247074628553,0.0700116833623908,True,True,0.7072009093400099,weighted_raw_and_robust_position_with_robust_local_quadratic_velocity,5.750918707407887,60.06895151688278,1.31139267445881,35.55603518285351,23.620314626848696,"{""clipped"": false, ""speed_limit_mps"": 143.4676684878646, ""speed_mps_before_clip"": 60.35786405319072}"
bea_v_spline_balanced,comp_0001,comp_0001_bnd_0022,1787,1787,1766852040.0,"[""boundary_shift_-3_samples"", ""boundary_shift_-4_samples"", ""climb_state_transition"", ""descent_state_transition"", ""dynamic_boundary_selection"", ""energy_etalon_transition"", ""energy_state_transition"", ""optimized_boundary_sample"", ""regime_from_descent"", ""regime_from_energy_constant"", ""regime_state_transition"", ""regime_to_climb"", ""regime_to_energy_constant""]",1.8225386545374702e-12,3.637413243276987e-13,0.5363476118666742,0.1050295755555412,True,True,0.6827304877878989,weighted_raw_and_robust_position_with_robust_local_quadratic_velocity,3.178672255003431,61.12876698183432,-1.7959591737515097,23.620314626848696,55.8748279683393,"{""clipped"": false, ""speed_limit_mps"": 155.6278002807856, ""speed_mps_before_clip"": 61.23769737161831}"
bea_v_spline_balanced,comp_0001,comp_0001_bnd_0023,1799,1799,1766852077.0,"[""boundary_shift_+3_samples"", ""climb_state_transition"", ""dynamic_boundary_selection"", ""energy_etalon_transition"", ""energy_state_transition"", ""optimized_boundary_sample"", ""regime_from_climb"", ""regime_state_transition"", ""regime_to_level_accel"", ""speed_change_transition""]",2.91040525004916e-11,5.092167858483923e-13,0.2843401730487056,0.01887021942865916,True,True,0.6796518600030427,weighted_raw_and_robust_position_with_robust_local_quadratic_velocity,7.191700113117951,81.19764545936259,-0.0522694660307211,55.8748279683393,46.63325912660964,"{""clipped"": false, ""speed_limit_mps"": 200.63316, ""speed_mps_before_clip"": 81.51552558107227}"
bea_v_spline_balanced,comp_0001,comp_0001_bnd_0024,1873,1873,1766852161.0,"[""boundary_shift_-3_samples"", ""dynamic_boundary_selection"", ""energy_etalon_transition"", ""energy_state_transition"", ""optimized_boundary_sample"", ""regime_from_energy_constant"", ""regime_from_straight"", ""regime_state_transition"", ""regime_to_level_accel"", ""regime_to_turn_right_slow"", ""speed_change_transition"", ""turn_etalon_transition"", ""turn_state_transition""]",1.4553691476799266e-11,1.0676565814149033e-12,0.18167309125624653,0.044856879678550655,True,True,0.7829340197144473,weighted_raw_and_robust_position_with_robust_local_quadratic_velocity,17.428939099478047,92.6674972880881,0.4670265617201188,46.63325912660964,27.980940752696384,"{""clipped"": false, ""speed_limit_mps"": 241.7893630778571, ""speed_mps_before_clip"": 94.29343076577754}"
bea_v_spline_balanced,comp_0001,comp_0001_bnd_0025,1898,1898,1766852189.0,"[""boundary_shift_-3_samples"", ""climb_state_transition"", ""dynamic_boundary_selection"", ""energy_etalon_transition"", ""energy_state_transition"", ""optimized_boundary_sample"", ""regime_from_level_accel"", ""regime_state_transition"", ""regime_to_climb"", ""speed_change_transition""]",1.4665602066088468e-11,9.986226468517023e-13,0.7627619811526719,0.10152660358866979,True,True,0.712393093609016,weighted_raw_and_robust_position_with_robust_local_quadratic_velocity,63.9061202819018,88.9677557296306,0.1970879049896883,27.980940752696384,31.110119003543705,"{""clipped"": false, ""speed_limit_mps"": 277.80451621854104, ""speed_mps_before_clip"": 109.54128268691403}"
bea_v_spline_balanced,comp_0001,comp_0001_bnd_0026,1946,1946,1766852240.0,"[""dynamic_boundary_selection"", ""regime_from_turn_right_slow"", ""regime_state_transition"", ""regime_to_straight"", ""turn_etalon_transition"", ""turn_state_transition""]",1.4559018921847493e-11,1.6425999644588407e-12,0.7419567532427632,0.03990042814362659,True,True,0.6444929341543872,weighted_raw_and_robust_position_with_robust_local_quadratic_velocity,133.04938826386663,-36.41609666976075,8.431288868239582,31.110119003543705,32.43142323890346,"{""clipped"": false, ""speed_limit_mps"": 356.33692272059903, ""speed_mps_before_clip"": 138.20042853055918}"
bea_v_spline_balanced,comp_0001,comp_0001_bnd_0027,1972,1972,1766852266.0,"[""boundary_shift_+1_samples"", ""dynamic_boundary_selection"", ""optimized_boundary_sample"", ""regime_from_straight"", ""regime_state_transition"", ""regime_to_turn_left_slow"", ""turn_etalon_transition"", ""turn_state_transition""]",2.9103830456733704e-11,4.797380445372451e-13,0.4585382391059432,0.05373569305703776,True,True,0.7441879338529352,weighted_raw_and_robust_position_with_robust_local_quadratic_velocity,137.6608652622429,-37.32261968512003,8.045288169073096,32.43142323890346,38.44641032713416,"{""clipped"": false, ""speed_limit_mps"": 358.13882761490186, ""speed_mps_before_clip"": 142.85733592165624}"
bea_v_spline_balanced,comp_0001,comp_0001_bnd_0028,2082,2082,1766852384.0,"[""boundary_shift_-4_samples"", ""dynamic_boundary_selection"", ""optimized_boundary_sample"", ""regime_from_turn_left_slow"", ""regime_state_transition"", ""regime_to_straight"", ""turn_etalon_transition"", ""turn_state_transition""]",0.0,1.9648144806913396e-12,0.40671944621827955,0.03701106145594958,True,True,0.6796128796926938,weighted_raw_and_robust_position_with_robust_local_quadratic_velocity,-40.12385092892317,101.05825689762167,5.02218012573702,38.44641032713416,23.464759824558172,"{""clipped"": false, ""speed_limit_mps"": 274.2695159070451, ""speed_mps_before_clip"": 108.84813730040351}"
bea_v_spline_balanced,comp_0001,comp_0001_bnd_0029,2132,2132,1766852434.0,"[""dynamic_boundary_selection"", ""local_altitude_maximum"", ""vertical_mode_reversal_climb_to_level"", ""vertical_reversal_transition""]",1.6275889873371198e-11,7.984034563005062e-12,0.2818406532071276,0.039217188258553005,True,True,0.7157367334443748,weighted_raw_and_robust_position_with_robust_local_quadratic_velocity,-39.11866595892876,100.34891826646756,0.5852003311933445,23.464759824558172,21.902348780152327,"{""clipped"": false, ""speed_limit_mps"": 279.73355411750356, ""speed_mps_before_clip"": 107.70570032771742}"
bea_v_spline_balanced,comp_0001,comp_0001_bnd_0030,2162,2162,1766852464.0,"[""boundary_shift_+2_samples"", ""boundary_shift_-4_samples"", ""dynamic_boundary_selection"", ""energy_etalon_transition"", ""energy_state_transition"", ""optimized_boundary_sample"", ""regime_from_energy_constant"", ""regime_from_straight"", ""regime_state_transition"", ""regime_to_energy_loss"", ""regime_to_turn_left_slow"", ""turn_etalon_transition"", ""turn_state_transition""]",3.749942721349417e-12,6.985120933199255e-12,0.11295939460503754,0.08014860068915065,True,True,0.7066462519135216,weighted_raw_and_robust_position_with_robust_local_quadratic_velocity,-40.23486568371248,104.09372939312905,0.07505455576286352,21.902348780152327,24.281193551814294,"{""clipped"": false, ""speed_limit_mps"": 279.08587, ""speed_mps_before_clip"": 111.59907951566046}"
bea_v_spline_balanced,comp_0001,comp_0001_bnd_0031,2266,2266,1766852585.0,"[""boundary_shift_-3_samples"", ""dynamic_boundary_selection"", ""optimized_boundary_sample"", ""regime_from_turn_left_slow"", ""regime_state_transition"", ""regime_to_straight"", ""turn_etalon_transition"", ""turn_state_transition""]",2.934442055430132e-11,6.975984735239121e-12,0.7412568252248969,0.17379507042384804,True,True,0.6346035517591909,weighted_raw_and_robust_position_with_robust_local_quadratic_velocity,-32.90086662118962,-129.82824804854545,0.4758341391673449,24.281193551814294,41.81564480257308,"{""clipped"": false, ""speed_limit_mps"": 342.10526000000004, ""speed_mps_before_clip"": 133.93307072529902}"
bea_v_spline_balanced,comp_0001,comp_0001_bnd_0032,2418,2418,1766852739.0,"[""boundary_shift_-2_samples"", ""dynamic_boundary_selection"", ""energy_etalon_transition"", ""energy_state_transition"", ""optimized_boundary_sample"", ""regime_from_energy_constant"", ""regime_from_straight"", ""regime_state_transition"", ""regime_to_energy_loss"", ""regime_to_turn_right_slow"", ""turn_etalon_transition"", ""turn_state_transition""]",4.3693624864188e-11,4.9738573951046616e-11,0.43487693310436315,0.04814367263911617,True,True,0.6843709698422081,weighted_raw_and_robust_position_with_robust_local_quadratic_velocity,-33.18500736097906,-132.4542364528019,0.632071391973964,41.81564480257308,42.67440645327211,"{""clipped"": false, ""speed_limit_mps"": 344.68103368582047, ""speed_mps_before_clip"": 136.5495111016057}"
bea_v_spline_balanced,comp_0001,comp_0001_bnd_0033,2442,2442,1766852770.0,"[""boundary_shift_+3_samples"", ""descent_state_transition"", ""dynamic_boundary_selection"", ""energy_etalon_transition"", ""energy_state_transition"", ""optimized_boundary_sample"", ""regime_from_descent"", ""regime_state_transition"", ""regime_to_level_decel"", ""speed_change_transition""]",4.547473508864641e-13,2.2238201623734484e-12,0.3297023958019739,0.039479895871409376,True,True,0.6562085235015649,weighted_raw_and_robust_position_with_robust_local_quadratic_velocity,-84.51280422103483,-89.9573029597907,0.2378628473494977,42.67440645327211,38.22356495832995,"{""clipped"": false, ""speed_limit_mps"": 312.52895775740996, ""speed_mps_before_clip"": 123.42927939446409}"
bea_v_spline_balanced,comp_0001,comp_0001_bnd_0034,2470,2470,1766852804.0,"[""boundary_shift_+2_samples"", ""boundary_shift_+3_samples"", ""dynamic_boundary_selection"", ""energy_etalon_transition"", ""energy_state_transition"", ""optimized_boundary_sample"", ""regime_from_energy_constant"", ""regime_from_turn_right_slow"", ""regime_state_transition"", ""regime_to_level_decel"", ""regime_to_straight"", ""speed_change_transition"", ""turn_etalon_transition"", ""turn_state_transition""]",1.4559018921847493e-11,1.3654081840365822e-12,0.247390264972785,0.02175845828277522,True,True,0.7004459543014362,weighted_raw_and_robust_position_with_robust_local_quadratic_velocity,-103.10399072922111,-43.92673438683325,-0.01772642431800272,38.22356495832995,23.92362894471873,"{""clipped"": false, ""speed_limit_mps"": 284.23031000000003, ""speed_mps_before_clip"": 112.07136660364606}"
bea_v_spline_balanced,comp_0001,comp_0001_bnd_0035,2601,2601,1766852947.0,"[""boundary_shift_+2_samples"", ""boundary_shift_-3_samples"", ""descent_state_transition"", ""dynamic_boundary_selection"", ""energy_etalon_transition"", ""energy_state_transition"", ""optimized_boundary_sample"", ""regime_from_descent"", ""regime_from_level_decel"", ""regime_state_transition"", ""regime_to_descent"", ""regime_to_level_decel"", ""speed_change_transition""]",1.8189894035458565e-12,9.793166579357404e-12,0.4201087588268715,0.10675537277748852,True,True,0.6878607398865416,weighted_raw_and_robust_position_with_robust_local_quadratic_velocity,83.76006104190351,71.69662979133948,-1.7169478423722906,23.92362894471873,23.99982854600997,"{""clipped"": false, ""speed_limit_mps"": 290.0435937978421, ""speed_mps_before_clip"": 110.26832028771099}"
bea_v_spline_balanced,comp_0001,comp_0001_bnd_0036,2635,2635,1766852996.0,"[""boundary_shift_+1_samples"", ""dynamic_boundary_selection"", ""optimized_boundary_sample"", ""regime_from_turn_left_slow"", ""regime_state_transition"", ""regime_to_straight"", ""turn_etalon_transition"", ""turn_state_transition""]",1.8749713606747085e-12,1.2980272467673405e-12,0.21138734451274022,0.04636481838071514,True,True,0.6545141974337699,weighted_raw_and_robust_position_with_robust_local_quadratic_velocity,8.394923643055419,98.9645825293747,0.07425833140239933,23.99982854600997,27.58595659554026,"{""clipped"": false, ""speed_limit_mps"": 248.2205607632714, ""speed_mps_before_clip"": 99.32003248331088}"
bea_v_spline_balanced,comp_0001,comp_0001_bnd_0037,2698,2698,1766853063.0,"[""boundary_shift_+2_samples"", ""boundary_shift_-1_samples"", ""boundary_shift_-3_samples"", ""dynamic_boundary_selection"", ""energy_etalon_transition"", ""energy_state_transition"", ""optimized_boundary_sample"", ""regime_from_energy_constant"", ""regime_from_energy_loss"", ""regime_from_straight"", ""regime_state_transition"", ""regime_to_energy_constant"", ""regime_to_energy_loss"", ""regime_to_turn_left_slow"", ""turn_etalon_transition"", ""turn_state_transition""]",1.4999770885397668e-11,2.4217539727317756e-12,0.3305701321320296,0.11963535963566622,True,True,0.7644611011523853,weighted_raw_and_robust_position_with_robust_local_quadratic_velocity,8.359918260100665,94.06840818884243,5.9672311890763705e-05,27.58595659554026,24.104450355230863,"{""clipped"": false, ""speed_limit_mps"": 243.0761489274176, ""speed_mps_before_clip"": 94.43915317548016}"
bea_v_spline_balanced,comp_0001,comp_0001_bnd_0038,3013,3013,1766853403.0,"[""dynamic_boundary_selection"", ""regime_from_turn_left_slow"", ""regime_state_transition"", ""regime_to_straight"", ""turn_etalon_transition"", ""turn_state_transition""]",1.4665161412810538e-11,3.6065542617899788e-12,0.4809800345300234,0.07210756278960923,True,True,0.7425520315621064,weighted_raw_and_robust_position_with_robust_local_quadratic_velocity,-109.12646372598424,-4.923330781360731,0.05476784721172929,24.104450355230863,26.211912612802976,"{""clipped"": false, ""speed_limit_mps"": 275.2276733530309, ""speed_mps_before_clip"": 109.23748107146345}"
bea_v_spline_balanced,comp_0001,comp_0001_bnd_0039,3029,3029,1766853419.0,"[""boundary_shift_+1_samples"", ""boundary_shift_-4_samples"", ""descent_state_transition"", ""dynamic_boundary_selection"", ""energy_etalon_transition"", ""energy_state_transition"", ""optimized_boundary_sample"", ""regime_from_energy_constant"", ""regime_from_energy_loss"", ""regime_state_transition"", ""regime_to_descent"", ""regime_to_energy_loss""]",1.4580309236299762e-11,3.183265685832657e-12,0.06951937117756819,0.014289044589740521,True,True,0.71335932073777,weighted_raw_and_robust_position_with_robust_local_quadratic_velocity,-111.04903483933373,-4.787122155621635,-0.6438532044078176,26.211912612802976,27.278706828910117,"{""clipped"": false, ""speed_limit_mps"": 274.58380024069334, ""speed_mps_before_clip"": 111.15403377398962}"
bea_v_spline_balanced,comp_0001,comp_0001_bnd_0040,3082,3082,1766853472.0,"[""boundary_shift_+3_samples"", ""dynamic_boundary_selection"", ""optimized_boundary_sample"", ""regime_from_straight"", ""regime_state_transition"", ""regime_to_turn_left_slow"", ""turn_etalon_transition"", ""turn_state_transition""]",1.4559018921847493e-11,6.537010787725874e-12,0.3569421428396554,0.04400213121190374,True,True,0.7122255914931246,weighted_raw_and_robust_position_with_robust_local_quadratic_velocity,-110.52228710107568,-4.575183720684146,-4.842196398358426,27.278706828910117,40.1471630686653,"{""clipped"": false, ""speed_limit_mps"": 276.81929748368793, ""speed_mps_before_clip"": 110.72287531531543}"
bea_v_spline_balanced,comp_0001,comp_0001_bnd_0041,3142,3142,1766853547.0,"[""boundary_shift_-4_samples"", ""dynamic_boundary_selection"", ""optimized_boundary_sample"", ""regime_from_turn_left_slow"", ""regime_state_transition"", ""regime_to_straight"", ""turn_etalon_transition"", ""turn_state_transition""]",1.4559018921847493e-11,2.32124682333885e-12,0.22009457333304233,0.024614292430544093,True,True,0.6560165397641267,weighted_raw_and_robust_position_with_robust_local_quadratic_velocity,13.969773910975606,-141.8919154566149,-3.4040163449235097,40.1471630686653,34.60787103887751,"{""clipped"": false, ""speed_limit_mps"": 356.3118066902371, ""speed_mps_before_clip"": 142.61857376354396}"
bea_v_spline_balanced,comp_0001,comp_0001_bnd_0042,3215,3215,1766853624.0,"[""boundary_shift_+1_samples"", ""dynamic_boundary_selection"", ""optimized_boundary_sample"", ""regime_from_straight"", ""regime_state_transition"", ""regime_to_turn_left_slow"", ""turn_etalon_transition"", ""turn_state_transition""]",1.4582082026048705e-11,4.922983499756835e-12,0.6069459017392139,0.08958932208123012,True,True,0.699572530563722,weighted_raw_and_robust_position_with_robust_local_quadratic_velocity,16.44161556752355,-123.58483227673162,-3.7769420369106825,34.60787103887751,80.2462505747692,"{""clipped"": false, ""speed_limit_mps"": 308.8204643509235, ""speed_mps_before_clip"": 124.73092151703321}"
bea_v_spline_balanced,comp_0001,comp_0001_bnd_0043,3277,3277,1766853690.0,"[""boundary_shift_+3_samples"", ""dynamic_boundary_selection"", ""optimized_boundary_sample"", ""regime_from_turn_left_slow"", ""regime_state_transition"", ""regime_to_straight"", ""turn_etalon_transition"", ""turn_state_transition""]",1.3830600733622803e-12,3.076496713297809e-12,0.20277155090134705,0.09729306819793292,True,True,0.6733062302433823,weighted_raw_and_robust_position_with_robust_local_quadratic_velocity,105.66100709688817,-31.8256456261494,-3.7117699884359836,80.2462505747692,29.06423595561981,"{""clipped"": false, ""speed_limit_mps"": 281.799396147997, ""speed_mps_before_clip"": 110.41239684336605}"
bea_v_spline_balanced,comp_0001,comp_0001_bnd_0044,3317,3317,1766853730.0,"[""dynamic_boundary_selection"", ""regime_from_straight"", ""regime_state_transition"", ""regime_to_turn_left_slow"", ""turn_etalon_transition"", ""turn_state_transition""]",1.4559018921847493e-11,5.442931568287736e-12,0.5566045124030894,0.03645276670823376,True,True,0.775204836641623,weighted_raw_and_robust_position_with_robust_local_quadratic_velocity,107.19369995998001,-32.10646994312421,-2.8011860793836747,29.06423595561981,36.7418233105692,"{""clipped"": false, ""speed_limit_mps"": 278.5614222414693, ""speed_mps_before_clip"": 111.93373649963753}"
bea_v_spline_balanced,comp_0001,comp_0001_bnd_0045,3383,3383,1766853807.0,"[""boundary_shift_+3_samples"", ""dynamic_boundary_selection"", ""local_altitude_minimum"", ""optimized_boundary_sample"", ""regime_from_turn_left_medium"", ""regime_state_transition"", ""regime_to_turn_left_slow"", ""turn_etalon_transition"", ""turn_state_transition"", ""vertical_mode_reversal_descent_to_level"", ""vertical_reversal_transition""]",7.503331289626658e-12,5.536463727959321e-12,0.6339508163156168,0.02419226686884151,True,True,0.7314932765204739,weighted_raw_and_robust_position_with_robust_local_quadratic_velocity,20.58233434075916,74.90359778630264,-0.8257494804668958,36.7418233105692,48.23381793156834,"{""clipped"": false, ""speed_limit_mps"": 201.36310154617107, ""speed_mps_before_clip"": 77.6843826676346}"
bea_v_spline_balanced,comp_0001,comp_0001_bnd_0046,3411,3411,1766853835.0,"[""boundary_shift_+1_samples"", ""dynamic_boundary_selection"", ""optimized_boundary_sample"", ""regime_from_turn_left_slow"", ""regime_state_transition"", ""regime_to_straight"", ""turn_etalon_transition"", ""turn_state_transition""]",1.55418680847109e-11,2.882213316565352e-12,0.6120794555579196,0.13295134563191835,True,True,0.7949754313195275,weighted_raw_and_robust_position_with_robust_local_quadratic_velocity,10.258622546255895,75.12424823330643,0.025304704007954804,48.23381793156834,21.789138110050374,"{""clipped"": false, ""speed_limit_mps"": 197.4171464095553, ""speed_mps_before_clip"": 75.82145243593028}"
bea_v_spline_balanced,comp_0001,comp_0001_bnd_0047,3529,3529,1766853953.0,"[""boundary_shift_+3_samples"", ""descent_state_transition"", ""dynamic_boundary_selection"", ""energy_etalon_transition"", ""energy_state_transition"", ""optimized_boundary_sample"", ""regime_from_energy_loss"", ""regime_state_transition"", ""regime_to_descent""]",1.8189894035458565e-12,6.248339917015131e-13,0.04781740812709926,0.07645369718678552,True,True,0.8224552395084329,weighted_raw_and_robust_position_with_robust_local_quadratic_velocity,5.130746528657174,67.22311350502302,-2.3447727085074,21.789138110050374,19.308047141648895,"{""clipped"": false, ""speed_limit_mps"": 164.719752213436, ""speed_mps_before_clip"": 67.45939155006586}"
bea_v_spline_accurate,comp_0001,comp_0001_bnd_0001,226,226,1766850398.0,"[""dynamic_boundary_selection"", ""local_altitude_minimum"", ""vertical_mode_reversal_descent_to_level"", ""vertical_reversal_transition""]",0.0,1.389358878802051e-12,0.10769460783451548,0.21520396177972093,True,True,0.7627445563176714,weighted_raw_and_robust_position_with_robust_local_quadratic_velocity,16.622440772017416,118.46170819522159,-0.5815775527566205,30.834153153867515,20.53672023213281,"{""clipped"": false, ""speed_limit_mps"": 295.81227921114095, ""speed_mps_before_clip"": 119.62366019395547}"
bea_v_spline_accurate,comp_0001,comp_0001_bnd_0002,591,591,1766850763.0,"[""dynamic_boundary_selection"", ""local_altitude_minimum"", ""vertical_mode_reversal_descent_to_level"", ""vertical_reversal_transition""]",2.916261291410893e-11,5.233227359980558e-12,0.2879739245338991,0.0660087848041056,True,True,0.8239786674883972,weighted_raw_and_robust_position_with_robust_local_quadratic_velocity,7.050436822334545,80.44016108488378,-0.53618089098404,20.53672023213281,13.94086991719541,"{""clipped"": false, ""speed_limit_mps"": 201.9294941838188, ""speed_mps_before_clip"": 80.75032919249084}"
bea_v_spline_accurate,comp_0001,comp_0001_bnd_0003,855,855,1766851029.0,"[""altitude_lobe_descent_to_climb"", ""altitude_lobe_transition"", ""dynamic_boundary_selection"", ""large_vertical_excursion"", ""local_altitude_minimum"", ""vertical_mode_reversal_descent_to_climb"", ""vertical_reversal_transition""]",1.8189894035458565e-12,4.7722748051418296e-12,0.052960332351944736,0.23187247833227762,True,True,0.7162125300406689,weighted_raw_and_robust_position_with_robust_local_quadratic_velocity,5.733146193595124,64.58865016422455,-0.8362912170580266,13.94086991719541,25.214651293874446,"{""clipped"": false, ""speed_limit_mps"": 157.80195178242226, ""speed_mps_before_clip"": 64.84799209160948}"
bea_v_spline_accurate,comp_0001,comp_0001_bnd_0004,880,880,1766851074.0,"[""altitude_lobe_climb_to_descent"", ""altitude_lobe_transition"", ""dynamic_boundary_selection"", ""large_vertical_excursion"", ""local_altitude_maximum"", ""vertical_mode_reversal_climb_to_descent"", ""vertical_reversal_transition""]",1.1368683772161603e-13,1.519586340756615e-12,0.3841472851385895,0.12006660786886286,True,True,0.7251762367255845,weighted_raw_and_robust_position_with_robust_local_quadratic_velocity,9.851628749144856,73.34385565464068,0.6176780073788045,25.214651293874446,25.22404105906829,"{""clipped"": false, ""speed_limit_mps"": 185.22837535719415, ""speed_mps_before_clip"": 74.00511656244143}"
bea_v_spline_accurate,comp_0001,comp_0001_bnd_0005,901,901,1766851097.0,"[""boundary_shift_-3_samples"", ""descent_state_transition"", ""dynamic_boundary_selection"", ""energy_etalon_transition"", ""energy_state_transition"", ""optimized_boundary_sample"", ""regime_from_descent"", ""regime_state_transition"", ""regime_to_level_accel"", ""speed_change_transition""]",1.4553691476799266e-11,2.9601679614494377e-12,0.2120602824551558,0.06467581807993837,True,True,0.7306499448756781,weighted_raw_and_robust_position_with_robust_local_quadratic_velocity,15.674994316222781,83.9481513655328,-0.5881695057466523,25.22404105906829,29.56898755411203,"{""clipped"": false, ""speed_limit_mps"": 207.77391389791563, ""speed_mps_before_clip"": 85.40107439529969}"
bea_v_spline_accurate,comp_0001,comp_0001_bnd_0006,921,921,1766851119.0,"[""boundary_shift_-1_samples"", ""climb_state_transition"", ""dynamic_boundary_selection"", ""energy_etalon_transition"", ""energy_state_transition"", ""optimized_boundary_sample"", ""regime_from_climb"", ""regime_state_transition"", ""regime_to_level_accel"", ""speed_change_transition""]",2.910471862160129e-11,1.4581250300276e-11,0.35354337271232356,0.2492935245777771,True,True,0.7530020266784084,weighted_raw_and_robust_position_with_robust_local_quadratic_velocity,17.245503708020276,88.09568758499809,1.6064193928889656,29.56898755411203,25.241691887066118,"{""clipped"": false, ""speed_limit_mps"": 225.73019759729556, ""speed_mps_before_clip"": 89.78217057123746}"
bea_v_spline_accurate,comp_0001,comp_0001_bnd_0007,1022,1022,1766851223.0,"[""dynamic_boundary_selection"", ""regime_from_straight"", ""regime_state_transition"", ""regime_to_turn_left_slow"", ""turn_etalon_transition"", ""turn_state_transition""]",1.850687635408088e-12,5.159175094311773e-12,1.1697365550857868,0.10693245578781982,True,True,0.727883183816014,weighted_raw_and_robust_position_with_robust_local_quadratic_velocity,19.375278320738108,96.06387133532972,0.45346097459779405,25.241691887066118,21.494069914718786,"{""clipped"": false, ""speed_limit_mps"": 240.5060036297652, ""speed_mps_before_clip"": 97.99935924684574}"
bea_v_spline_accurate,comp_0001,comp_0001_bnd_0008,1104,1104,1766851315.0,"[""boundary_shift_-2_samples"", ""dynamic_boundary_selection"", ""energy_etalon_transition"", ""energy_state_transition"", ""optimized_boundary_sample"", ""regime_from_energy_constant"", ""regime_from_turn_left_slow"", ""regime_state_transition"", ""regime_to_energy_loss"", ""regime_to_straight"", ""turn_etalon_transition"", ""turn_state_transition""]",1.4551915228366852e-11,3.2306500796547895e-12,0.4806537971242808,0.23251802769541177,True,True,0.7713231142024978,weighted_raw_and_robust_position_with_robust_local_quadratic_velocity,-82.56740069081636,-80.73229918644107,0.0037877357263268337,21.494069914718786,38.5427219740493,"{""clipped"": false, ""speed_limit_mps"": 287.77396544260057, ""speed_mps_before_clip"": 115.47761602628363}"
bea_v_spline_accurate,comp_0001,comp_0001_bnd_0009,1180,1180,1766851392.0,"[""boundary_shift_+3_samples"", ""dynamic_boundary_selection"", ""optimized_boundary_sample"", ""regime_from_straight"", ""regime_state_transition"", ""regime_to_turn_left_slow"", ""turn_etalon_transition"", ""turn_state_transition""]",1.456611915095615e-11,7.4042259829425e-12,0.409418183490633,0.08967294266571363,True,True,0.5965139340322104,weighted_raw_and_robust_position_with_robust_local_quadratic_velocity,-85.5329716300763,-83.4264581527157,0.07020478594363062,38.5427219740493,45.002170584382604,"{""clipped"": false, ""speed_limit_mps"": 286.8031058687986, ""speed_mps_before_clip"": 119.48166421878392}"
bea_v_spline_accurate,comp_0001,comp_0001_bnd_0010,1230,1230,1766851445.0,"[""dynamic_boundary_selection"", ""regime_from_turn_left_slow"", ""regime_state_transition"", ""regime_to_straight"", ""turn_etalon_transition"", ""turn_state_transition""]",1.4552470329291656e-11,7.684867541554203e-13,0.3890071159103329,0.13183972412757955,True,True,0.6373201344289432,weighted_raw_and_robust_position_with_robust_local_quadratic_velocity,-1.0491288551793914,-132.7064180150217,0.9561611902244864,45.002170584382604,62.75099085561108,"{""clipped"": false, ""speed_limit_mps"": 324.10347786004377, ""speed_mps_before_clip"": 132.71400942611197}"
bea_v_spline_accurate,comp_0001,comp_0001_bnd_0011,1282,1282,1766851506.0,"[""boundary_shift_+1_samples"", ""boundary_shift_-3_samples"", ""climb_state_transition"", ""dynamic_boundary_selection"", ""energy_etalon_transition"", ""energy_state_transition"", ""optimized_boundary_sample"", ""regime_from_climb"", ""regime_from_energy_constant"", ""regime_state_transition"", ""regime_to_climb"", ""regime_to_level_decel"", ""speed_change_transition""]",1.0247593068766006e-12,6.858945985534836e-13,0.6274710790445931,0.2568035893015229,True,True,0.5651088408148973,weighted_raw_and_robust_position_with_robust_local_quadratic_velocity,-0.37990953755922174,-121.16740576905565,1.2546834809330678,62.75099085561108,27.116975552044988,"{""clipped"": false, ""speed_limit_mps"": 313.8176819102788, ""speed_mps_before_clip"": 121.17449724548905}"
bea_v_spline_accurate,comp_0001,comp_0001_bnd_0012,1345,1345,1766851571.0,"[""boundary_shift_-2_samples"", ""climb_state_transition"", ""dynamic_boundary_selection"", ""energy_etalon_transition"", ""energy_state_transition"", ""optimized_boundary_sample"", ""regime_from_energy_gain"", ""regime_from_level_accel"", ""regime_state_transition"", ""regime_to_climb"", ""regime_to_level_accel"", ""speed_change_transition""]",1.45520262502458e-11,6.59395532561568e-12,0.6134274644665183,0.10175085533378332,True,True,0.7417909608981101,weighted_raw_and_robust_position_with_robust_local_quadratic_velocity,0.10324485858158386,-109.59803877741373,0.9388966710589545,27.116975552044988,27.102189212481395,"{""clipped"": false, ""speed_limit_mps"": 281.66204700765326, ""speed_mps_before_clip"": 109.60210896837357}"
bea_v_spline_accurate,comp_0001,comp_0001_bnd_0013,1394,1394,1766851621.0,"[""boundary_shift_+1_samples"", ""dynamic_boundary_selection"", ""energy_etalon_transition"", ""energy_state_transition"", ""optimized_boundary_sample"", ""regime_from_energy_constant"", ""regime_from_straight"", ""regime_state_transition"", ""regime_to_level_decel"", ""regime_to_turn_left_slow"", ""speed_change_transition"", ""turn_etalon_transition"", ""turn_state_transition""]",1.4555911482528855e-11,1.4628425974548442e-13,0.7313176202633066,0.31321193814804904,True,True,0.7225452010895226,weighted_raw_and_robust_position_with_robust_local_quadratic_velocity,0.3301642016953939,-107.58551789600526,0.37271933077304426,27.102189212481395,21.757971522436705,"{""clipped"": false, ""speed_limit_mps"": 279.1287715776375, ""speed_mps_before_clip"": 107.58667012716435}"
bea_v_spline_accurate,comp_0001,comp_0001_bnd_0014,1422,1422,1766851652.0,"[""boundary_shift_+2_samples"", ""climb_state_transition"", ""dynamic_boundary_selection"", ""energy_etalon_transition"", ""energy_state_transition"", ""optimized_boundary_sample"", ""regime_from_level_decel"", ""regime_state_transition"", ""regime_to_climb"", ""speed_change_transition""]",1.4553802485128325e-11,1.3741994373129618e-11,0.32585965769301223,0.11558917876596128,True,True,0.7745300463191941,weighted_raw_and_robust_position_with_robust_local_quadratic_velocity,68.2339552643762,-84.09991783574306,1.382244090605994,21.757971522436705,17.00661152133049,"{""clipped"": false, ""speed_limit_mps"": 280.46739439756703, ""speed_mps_before_clip"": 108.3077994870436}"
bea_v_spline_accurate,comp_0001,comp_0001_bnd_0015,1437,1437,1766851671.0,"[""boundary_shift_+2_samples"", ""climb_state_transition"", ""dynamic_boundary_selection"", ""energy_etalon_transition"", ""energy_state_transition"", ""optimized_boundary_sample"", ""regime_from_level_decel"", ""regime_state_transition"", ""regime_to_climb"", ""speed_change_transition""]",1.4560794303711523e-11,5.637429162370734e-13,0.9354479612919229,0.13856459032675847,True,True,0.7198554859521864,weighted_raw_and_robust_position_with_robust_local_quadratic_velocity,101.89195030560067,-32.36891912500052,1.1354036847673794,17.00661152133049,22.29148741820403,"{""clipped"": false, ""speed_limit_mps"": 258.5470798974831, ""speed_mps_before_clip"": 106.91588097157131}"
bea_v_spline_accurate,comp_0001,comp_0001_bnd_0016,1455,1455,1766851690.0,"[""boundary_shift_+2_samples"", ""descent_state_transition"", ""dynamic_boundary_selection"", ""energy_etalon_transition"", ""energy_state_transition"", ""optimized_boundary_sample"", ""regime_from_descent"", ""regime_from_energy_loss"", ""regime_state_transition"", ""regime_to_energy_constant"", ""regime_to_energy_loss""]",1.1368683772161603e-13,3.7205646733990875e-13,0.6616637398178543,0.13424070658525628,True,True,0.7109972907830938,weighted_raw_and_robust_position_with_robust_local_quadratic_velocity,95.23546665824999,-28.330362282277168,0.038298360009739435,22.29148741820403,22.55751098715337,"{""clipped"": false, ""speed_limit_mps"": 243.0754694637088, ""speed_mps_before_clip"": 99.35997686907993}"
bea_v_spline_accurate,comp_0001,comp_0001_bnd_0017,1499,1499,1766851739.0,"[""boundary_shift_-1_samples"", ""boundary_shift_-4_samples"", ""dynamic_boundary_selection"", ""energy_etalon_transition"", ""energy_state_transition"", ""optimized_boundary_sample"", ""regime_from_energy_constant"", ""regime_from_turn_left_slow"", ""regime_state_transition"", ""regime_to_level_decel"", ""regime_to_turn_left_medium"", ""speed_change_transition"", ""turn_etalon_transition"", ""turn_state_transition""]",0.0,1.617652937276094e-12,1.233251573843141,0.22451567756650576,True,True,0.7727133614676794,weighted_raw_and_robust_position_with_robust_local_quadratic_velocity,59.95967248146404,51.248026160657794,-0.37099609185343385,22.55751098715337,31.658198418289388,"{""clipped"": false, ""speed_limit_mps"": 197.0995190248286, ""speed_mps_before_clip"": 78.87750089568046}"
bea_v_spline_accurate,comp_0001,comp_0001_bnd_0018,1512,1512,1766851754.0,"[""boundary_shift_+3_samples"", ""dynamic_boundary_selection"", ""optimized_boundary_sample"", ""regime_from_turn_left_medium"", ""regime_state_transition"", ""regime_to_turn_left_slow"", ""turn_etalon_transition"", ""turn_state_transition""]",1.8225386545374702e-12,2.2918528130416742e-12,0.5567940269197075,0.05553308307875942,True,True,0.7673673888757446,weighted_raw_and_robust_position_with_robust_local_quadratic_velocity,19.14178798362503,65.8561040435373,-0.2992741036175426,31.658198418289388,18.08679781919888,"{""clipped"": false, ""speed_limit_mps"": 168.1623248567936, ""speed_mps_before_clip"": 68.58224297872123}"
bea_v_spline_accurate,comp_0001,comp_0001_bnd_0019,1548,1548,1766851790.0,"[""boundary_shift_-1_samples"", ""dynamic_boundary_selection"", ""optimized_boundary_sample"", ""regime_from_turn_left_slow"", ""regime_state_transition"", ""regime_to_straight"", ""turn_etalon_transition"", ""turn_state_transition""]",1.4665602066088468e-11,1.5294320133492663e-12,0.39158802546890215,0.08902152023202901,True,True,0.8193704441659799,weighted_raw_and_robust_position_with_robust_local_quadratic_velocity,7.047968020475004,62.047947804542645,-0.07042871461535224,18.08679781919888,13.319695290349188,"{""clipped"": false, ""speed_limit_mps"": 153.04709, ""speed_mps_before_clip"": 62.44699064147711}"
bea_v_spline_accurate,comp_0001,comp_0001_bnd_0020,1749,1749,1766851992.0,"[""dynamic_boundary_selection"", ""go_around_transition"", ""local_altitude_minimum"", ""vertical_mode_reversal_descent_to_climb""]",5.684341886080802e-14,3.670254149564682e-12,2.0278174069337367,1.1101706194045118,True,True,0.7421636976681092,weighted_raw_and_robust_position_with_robust_local_quadratic_velocity,3.8670133824265074,64.6449390949371,-2.555115197539633,13.319695290349188,23.77679889763784,"{""clipped"": false, ""speed_limit_mps"": 160.19493751975844, ""speed_mps_before_clip"": 64.81088301173416}"
bea_v_spline_accurate,comp_0001,comp_0001_bnd_0021,1780,1780,1766852025.0,"[""dynamic_boundary_selection"", ""local_altitude_maximum"", ""vertical_mode_reversal_climb_to_level"", ""vertical_reversal_transition""]",1.4999770885397668e-11,2.8962475862683383e-12,0.9035930583963254,0.06511943390296036,True,True,0.7072009093400099,weighted_raw_and_robust_position_with_robust_local_quadratic_velocity,6.251026542617149,58.48025849338851,0.10171921120861314,23.77679889763784,20.136665771493536,"{""clipped"": false, ""speed_limit_mps"": 143.4676684878646, ""speed_mps_before_clip"": 58.81348750999189}"
bea_v_spline_accurate,comp_0001,comp_0001_bnd_0022,1787,1787,1766852040.0,"[""boundary_shift_-3_samples"", ""boundary_shift_-4_samples"", ""climb_state_transition"", ""descent_state_transition"", ""dynamic_boundary_selection"", ""energy_etalon_transition"", ""energy_state_transition"", ""optimized_boundary_sample"", ""regime_from_descent"", ""regime_from_energy_constant"", ""regime_state_transition"", ""regime_to_climb"", ""regime_to_energy_constant""]",1.4553691476799266e-11,2.4394421887831316e-12,0.4676734946667976,0.10531294320322178,True,True,0.6827304877878989,weighted_raw_and_robust_position_with_robust_local_quadratic_velocity,2.5446433876842396,60.63123869531111,-1.896838252220194,20.136665771493536,30.102191612397146,"{""clipped"": false, ""speed_limit_mps"": 155.6278002807856, ""speed_mps_before_clip"": 60.714251301101974}"
bea_v_spline_accurate,comp_0001,comp_0001_bnd_0023,1799,1799,1766852077.0,"[""boundary_shift_+3_samples"", ""climb_state_transition"", ""dynamic_boundary_selection"", ""energy_etalon_transition"", ""energy_state_transition"", ""optimized_boundary_sample"", ""regime_from_climb"", ""regime_state_transition"", ""regime_to_level_accel"", ""speed_change_transition""]",1.8189894035458565e-12,2.740867948351311e-12,0.7614193791775986,0.5657014840443162,True,True,0.6796518600030427,weighted_raw_and_robust_position_with_robust_local_quadratic_velocity,6.865503833325373,82.51722687797277,-0.19876691171332903,30.102191612397146,33.211427967155124,"{""clipped"": false, ""speed_limit_mps"": 200.63316, ""speed_mps_before_clip"": 82.80258077379852}"
bea_v_spline_accurate,comp_0001,comp_0001_bnd_0024,1873,1873,1766852161.0,"[""boundary_shift_-3_samples"", ""dynamic_boundary_selection"", ""energy_etalon_transition"", ""energy_state_transition"", ""optimized_boundary_sample"", ""regime_from_energy_constant"", ""regime_from_straight"", ""regime_state_transition"", ""regime_to_level_accel"", ""regime_to_turn_right_slow"", ""speed_change_transition"", ""turn_etalon_transition"", ""turn_state_transition""]",1.8225386545374702e-12,7.191032393023854e-12,0.8327839475643729,0.24129860993484853,True,True,0.7829340197144473,weighted_raw_and_robust_position_with_robust_local_quadratic_velocity,17.88401433202758,92.30826516330403,0.49735765485560957,33.211427967155124,20.84431827056822,"{""clipped"": false, ""speed_limit_mps"": 241.7893630778571, ""speed_mps_before_clip"": 94.02606633654233}"
bea_v_spline_accurate,comp_0001,comp_0001_bnd_0025,1898,1898,1766852189.0,"[""boundary_shift_-3_samples"", ""climb_state_transition"", ""dynamic_boundary_selection"", ""energy_etalon_transition"", ""energy_state_transition"", ""optimized_boundary_sample"", ""regime_from_level_accel"", ""regime_state_transition"", ""regime_to_climb"", ""speed_change_transition""]",1.4665602066088468e-11,2.429817381693062e-13,0.78941204599871,0.061189707399492345,True,True,0.712393093609016,weighted_raw_and_robust_position_with_robust_local_quadratic_velocity,64.40604272169823,89.9746378361689,-0.15825885675273726,20.84431827056822,31.61193257191584,"{""clipped"": false, ""speed_limit_mps"": 277.80451621854104, ""speed_mps_before_clip"": 110.65079682806046}"
bea_v_spline_accurate,comp_0001,comp_0001_bnd_0026,1946,1946,1766852240.0,"[""dynamic_boundary_selection"", ""regime_from_turn_right_slow"", ""regime_state_transition"", ""regime_to_straight"", ""turn_etalon_transition"", ""turn_state_transition""]",3.637978807091713e-12,5.0174984215907245e-12,0.6916430463790989,0.04367040705509587,True,True,0.6444929341543872,weighted_raw_and_robust_position_with_robust_local_quadratic_velocity,132.98074045119333,-36.481725304909354,8.327877438173362,31.61193257191584,36.300133969474,"{""clipped"": false, ""speed_limit_mps"": 356.33692272059903, ""speed_mps_before_clip"": 138.1453841241022}"
bea_v_spline_accurate,comp_0001,comp_0001_bnd_0027,1972,1972,1766852266.0,"[""boundary_shift_+1_samples"", ""dynamic_boundary_selection"", ""optimized_boundary_sample"", ""regime_from_straight"", ""regime_state_transition"", ""regime_to_turn_left_slow"", ""turn_etalon_transition"", ""turn_state_transition""]",7.275957614183426e-12,3.923954164925496e-12,0.8348594087255843,0.18925978628631412,True,True,0.7441879338529352,weighted_raw_and_robust_position_with_robust_local_quadratic_velocity,137.16070454469403,-37.773102183692444,8.090147640265526,36.300133969474,29.499908603702284,"{""clipped"": false, ""speed_limit_mps"": 358.13882761490186, ""speed_mps_before_clip"": 142.49672490488268}"
bea_v_spline_accurate,comp_0001,comp_0001_bnd_0028,2082,2082,1766852384.0,"[""boundary_shift_-4_samples"", ""dynamic_boundary_selection"", ""optimized_boundary_sample"", ""regime_from_turn_left_slow"", ""regime_state_transition"", ""regime_to_straight"", ""turn_etalon_transition"", ""turn_state_transition""]",2.910738295359853e-11,5.789193542213106e-12,0.7028008242606608,0.03763422589715956,True,True,0.6796128796926938,weighted_raw_and_robust_position_with_robust_local_quadratic_velocity,-40.15988588649176,100.74843058833329,5.0174394221481995,29.499908603702284,20.90906020701361,"{""clipped"": false, ""speed_limit_mps"": 274.2695159070451, ""speed_mps_before_clip"": 108.57364965212867}"
bea_v_spline_accurate,comp_0001,comp_0001_bnd_0029,2132,2132,1766852434.0,"[""dynamic_boundary_selection"", ""local_altitude_maximum"", ""vertical_mode_reversal_climb_to_level"", ""vertical_reversal_transition""]",3.749942721349417e-12,4.810628451372305e-12,0.11773080896910147,0.1337320902405689,True,True,0.7157367334443748,weighted_raw_and_robust_position_with_robust_local_quadratic_velocity,-38.98233917854766,99.83944543328667,0.3151875776613264,20.90906020701361,22.97049143120118,"{""clipped"": false, ""speed_limit_mps"": 279.73355411750356, ""speed_mps_before_clip"": 107.18039454800804}"
bea_v_spline_accurate,comp_0001,comp_0001_bnd_0030,2162,2162,1766852464.0,"[""boundary_shift_+2_samples"", ""boundary_shift_-4_samples"", ""dynamic_boundary_selection"", ""energy_etalon_transition"", ""energy_state_transition"", ""optimized_boundary_sample"", ""regime_from_energy_constant"", ""regime_from_straight"", ""regime_state_transition"", ""regime_to_energy_loss"", ""regime_to_turn_left_slow"", ""turn_etalon_transition"", ""turn_state_transition""]",0.0,1.2459064699793015e-11,0.6149056264905873,0.04328492068453708,True,True,0.7066462519135216,weighted_raw_and_robust_position_with_robust_local_quadratic_velocity,-40.089644707563274,104.30778990356497,-0.04864162723212455,22.97049143120118,27.027234109302807,"{""clipped"": false, ""speed_limit_mps"": 279.08587, ""speed_mps_before_clip"": 111.74657495132818}"
bea_v_spline_accurate,comp_0001,comp_0001_bnd_0031,2266,2266,1766852585.0,"[""boundary_shift_-3_samples"", ""dynamic_boundary_selection"", ""optimized_boundary_sample"", ""regime_from_turn_left_slow"", ""regime_state_transition"", ""regime_to_straight"", ""turn_etalon_transition"", ""turn_state_transition""]",1.4580309236299762e-11,5.749485092917024e-12,1.3230244876706143,0.22371654950837136,True,True,0.6346035517591909,weighted_raw_and_robust_position_with_robust_local_quadratic_velocity,-32.69226246477388,-129.4516025628825,0.3245701056784325,27.027234109302807,31.387887381311295,"{""clipped"": false, ""speed_limit_mps"": 342.10526000000004, ""speed_mps_before_clip"": 133.51631651943387}"
bea_v_spline_accurate,comp_0001,comp_0001_bnd_0032,2418,2418,1766852739.0,"[""boundary_shift_-2_samples"", ""dynamic_boundary_selection"", ""energy_etalon_transition"", ""energy_state_transition"", ""optimized_boundary_sample"", ""regime_from_energy_constant"", ""regime_from_straight"", ""regime_state_transition"", ""regime_to_energy_loss"", ""regime_to_turn_right_slow"", ""turn_etalon_transition"", ""turn_state_transition""]",2.9118037843694986e-11,8.390522624460108e-12,0.40124137946326754,0.07603137904206447,True,True,0.6843709698422081,weighted_raw_and_robust_position_with_robust_local_quadratic_velocity,-32.87803462569287,-132.25185638856755,0.5722874475955747,31.387887381311295,34.917484331558775,"{""clipped"": false, ""speed_limit_mps"": 344.68103368582047, ""speed_mps_before_clip"": 136.27856101380448}"
bea_v_spline_accurate,comp_0001,comp_0001_bnd_0033,2442,2442,1766852770.0,"[""boundary_shift_+3_samples"", ""descent_state_transition"", ""dynamic_boundary_selection"", ""energy_etalon_transition"", ""energy_state_transition"", ""optimized_boundary_sample"", ""regime_from_descent"", ""regime_state_transition"", ""regime_to_level_decel"", ""speed_change_transition""]",2.033691978340166e-12,2.8718964240343953e-12,0.5893495193317227,0.09004121469630788,True,True,0.6562085235015649,weighted_raw_and_robust_position_with_robust_local_quadratic_velocity,-86.31260474442614,-90.43322476333407,0.6848718862551546,34.917484331558775,28.7556918094824,"{""clipped"": false, ""speed_limit_mps"": 312.52895775740996, ""speed_mps_before_clip"": 125.01401092823082}"
bea_v_spline_accurate,comp_0001,comp_0001_bnd_0034,2470,2470,1766852804.0,"[""boundary_shift_+2_samples"", ""boundary_shift_+3_samples"", ""dynamic_boundary_selection"", ""energy_etalon_transition"", ""energy_state_transition"", ""optimized_boundary_sample"", ""regime_from_energy_constant"", ""regime_from_turn_right_slow"", ""regime_state_transition"", ""regime_to_level_decel"", ""regime_to_straight"", ""speed_change_transition"", ""turn_etalon_transition"", ""turn_state_transition""]",9.094947017729282e-13,3.1097824380606793e-12,1.0313443947485992,0.1298994659067351,True,True,0.7004459543014362,weighted_raw_and_robust_position_with_robust_local_quadratic_velocity,-103.18266616052975,-44.52149796127557,0.009828831674058803,28.7556918094824,25.69589232020581,"{""clipped"": false, ""speed_limit_mps"": 284.23031000000003, ""speed_mps_before_clip"": 112.37805156398258}"
bea_v_spline_accurate,comp_0001,comp_0001_bnd_0035,2601,2601,1766852947.0,"[""boundary_shift_+2_samples"", ""boundary_shift_-3_samples"", ""descent_state_transition"", ""dynamic_boundary_selection"", ""energy_etalon_transition"", ""energy_state_transition"", ""optimized_boundary_sample"", ""regime_from_descent"", ""regime_from_level_decel"", ""regime_state_transition"", ""regime_to_descent"", ""regime_to_level_decel"", ""speed_change_transition""]",1.4777539772032398e-11,2.7013546199971412e-12,1.1995707220183383,0.09806425658934455,True,True,0.6878607398865416,weighted_raw_and_robust_position_with_robust_local_quadratic_velocity,83.36507087078678,71.61343439133555,-1.797806194356926,25.69589232020581,24.020340961077455,"{""clipped"": false, ""speed_limit_mps"": 290.0435937978421, ""speed_mps_before_clip"": 109.91565463447822}"
bea_v_spline_accurate,comp_0001,comp_0001_bnd_0036,2635,2635,1766852996.0,"[""boundary_shift_+1_samples"", ""dynamic_boundary_selection"", ""optimized_boundary_sample"", ""regime_from_turn_left_slow"", ""regime_state_transition"", ""regime_to_straight"", ""turn_etalon_transition"", ""turn_state_transition""]",2.2737367544323206e-12,6.516538130610803e-12,0.5872049638317626,0.2425746042633632,True,True,0.6545141974337699,weighted_raw_and_robust_position_with_robust_local_quadratic_velocity,8.679710688504167,99.62646174209155,0.009508169768708117,24.020340961077455,23.97446130213423,"{""clipped"": false, ""speed_limit_mps"": 248.2205607632714, ""speed_mps_before_clip"": 100.00384666246522}"
bea_v_spline_accurate,comp_0001,comp_0001_bnd_0037,2698,2698,1766853063.0,"[""boundary_shift_+2_samples"", ""boundary_shift_-1_samples"", ""boundary_shift_-3_samples"", ""dynamic_boundary_selection"", ""energy_etalon_transition"", ""energy_state_transition"", ""optimized_boundary_sample"", ""regime_from_energy_constant"", ""regime_from_energy_loss"", ""regime_from_straight"", ""regime_state_transition"", ""regime_to_energy_constant"", ""regime_to_energy_loss"", ""regime_to_turn_left_slow"", ""turn_etalon_transition"", ""turn_state_transition""]",2.916416405209741e-11,1.573608097850084e-11,0.4372372093552072,0.16143363416788536,True,True,0.7644611011523853,weighted_raw_and_robust_position_with_robust_local_quadratic_velocity,8.265750453171478,93.52769105184656,-0.00038814161830311243,23.97446130213423,25.745191575991626,"{""clipped"": false, ""speed_limit_mps"": 243.0761489274176, ""speed_mps_before_clip"": 93.89223409949524}"
bea_v_spline_accurate,comp_0001,comp_0001_bnd_0038,3013,3013,1766853403.0,"[""dynamic_boundary_selection"", ""regime_from_turn_left_slow"", ""regime_state_transition"", ""regime_to_straight"", ""turn_etalon_transition"", ""turn_state_transition""]",4.547473508864641e-13,2.0510963995236352e-12,0.9326945754064945,0.17841008712262024,True,True,0.7425520315621064,weighted_raw_and_robust_position_with_robust_local_quadratic_velocity,-109.4228631908977,-4.965910445953978,-0.02639932455466775,25.745191575991626,30.218157323392045,"{""clipped"": false, ""speed_limit_mps"": 275.2276733530309, ""speed_mps_before_clip"": 109.53549174754039}"
bea_v_spline_accurate,comp_0001,comp_0001_bnd_0039,3029,3029,1766853419.0,"[""boundary_shift_+1_samples"", ""boundary_shift_-4_samples"", ""descent_state_transition"", ""dynamic_boundary_selection"", ""energy_etalon_transition"", ""energy_state_transition"", ""optimized_boundary_sample"", ""regime_from_energy_constant"", ""regime_from_energy_loss"", ""regime_state_transition"", ""regime_to_descent"", ""regime_to_energy_loss""]",6.431098710768743e-13,2.507279698471626e-12,0.6745162155571441,0.21805925340043827,True,True,0.71335932073777,weighted_raw_and_robust_position_with_robust_local_quadratic_velocity,-111.87440154867254,-4.887169154442087,-0.2814793325594181,30.218157323392045,42.93199172521128,"{""clipped"": false, ""speed_limit_mps"": 274.58380024069334, ""speed_mps_before_clip"": 111.98145103021487}"
bea_v_spline_accurate,comp_0001,comp_0001_bnd_0040,3082,3082,1766853472.0,"[""boundary_shift_+3_samples"", ""dynamic_boundary_selection"", ""optimized_boundary_sample"", ""regime_from_straight"", ""regime_state_transition"", ""regime_to_turn_left_slow"", ""turn_etalon_transition"", ""turn_state_transition""]",2.916416405209741e-11,8.64059156850861e-12,0.5972826240576973,0.17123738344090544,True,True,0.7122255914931246,weighted_raw_and_robust_position_with_robust_local_quadratic_velocity,-109.53701871101208,-3.640287505498122,-4.789585642160086,42.93199172521128,29.910208093955287,"{""clipped"": false, ""speed_limit_mps"": 276.81929748368793, ""speed_mps_before_clip"": 109.70209793729053}"
bea_v_spline_accurate,comp_0001,comp_0001_bnd_0041,3142,3142,1766853547.0,"[""boundary_shift_-4_samples"", ""dynamic_boundary_selection"", ""optimized_boundary_sample"", ""regime_from_turn_left_slow"", ""regime_state_transition"", ""regime_to_straight"", ""turn_etalon_transition"", ""turn_state_transition""]",1.4666923946488295e-11,8.459267162201839e-12,0.4502074442219086,0.08088769688144316,True,True,0.6560165397641267,weighted_raw_and_robust_position_with_robust_local_quadratic_velocity,14.22325103792549,-142.23087600549448,-3.186689893535916,29.910208093955287,30.239112534873467,"{""clipped"": false, ""speed_limit_mps"": 356.3118066902371, ""speed_mps_before_clip"": 142.97579498591975}"
bea_v_spline_accurate,comp_0001,comp_0001_bnd_0042,3215,3215,1766853624.0,"[""boundary_shift_+1_samples"", ""dynamic_boundary_selection"", ""optimized_boundary_sample"", ""regime_from_straight"", ""regime_state_transition"", ""regime_to_turn_left_slow"", ""turn_etalon_transition"", ""turn_state_transition""]",9.374856803373542e-13,1.4652285204380484e-12,0.21472864458903482,0.05273928792795866,True,True,0.699572530563722,weighted_raw_and_robust_position_with_robust_local_quadratic_velocity,15.736728477680108,-124.23235599115193,-3.7226094657777415,30.239112534873467,36.367421128438,"{""clipped"": false, ""speed_limit_mps"": 308.8204643509235, ""speed_mps_before_clip"": 125.28040836270941}"
bea_v_spline_accurate,comp_0001,comp_0001_bnd_0043,3277,3277,1766853690.0,"[""boundary_shift_+3_samples"", ""dynamic_boundary_selection"", ""optimized_boundary_sample"", ""regime_from_turn_left_slow"", ""regime_state_transition"", ""regime_to_straight"", ""turn_etalon_transition"", ""turn_state_transition""]",2.910738295359853e-11,2.2900898194126735e-12,0.479235414915865,0.2633722328616844,True,True,0.6733062302433823,weighted_raw_and_robust_position_with_robust_local_quadratic_velocity,104.96109453042999,-31.773322660970855,-3.6914755031377404,36.367421128438,30.897923806005,"{""clipped"": false, ""speed_limit_mps"": 281.799396147997, ""speed_mps_before_clip"": 109.72694468239918}"
bea_v_spline_accurate,comp_0001,comp_0001_bnd_0044,3317,3317,1766853730.0,"[""dynamic_boundary_selection"", ""regime_from_straight"", ""regime_state_transition"", ""regime_to_turn_left_slow"", ""turn_etalon_transition"", ""turn_state_transition""]",2.2737367544323206e-13,4.777840626522214e-13,0.46884442718210334,0.1679023632926298,True,True,0.775204836641623,weighted_raw_and_robust_position_with_robust_local_quadratic_velocity,107.9061630569588,-32.28688314398842,-2.7662790621903985,30.897923806005,27.615629008611826,"{""clipped"": false, ""speed_limit_mps"": 278.5614222414693, ""speed_mps_before_clip"": 112.6669212709678}"
bea_v_spline_accurate,comp_0001,comp_0001_bnd_0045,3383,3383,1766853807.0,"[""boundary_shift_+3_samples"", ""dynamic_boundary_selection"", ""local_altitude_minimum"", ""optimized_boundary_sample"", ""regime_from_turn_left_medium"", ""regime_state_transition"", ""regime_to_turn_left_slow"", ""turn_etalon_transition"", ""turn_state_transition"", ""vertical_mode_reversal_descent_to_level"", ""vertical_reversal_transition""]",2.2737367544323206e-13,6.680524909742431e-12,0.9101446209798824,0.10053870494629859,True,True,0.7314932765204739,weighted_raw_and_robust_position_with_robust_local_quadratic_velocity,18.82635298411979,76.59254100422821,-0.6398445509531091,27.615629008611826,27.87275207722018,"{""clipped"": false, ""speed_limit_mps"": 201.36310154617107, ""speed_mps_before_clip"": 78.87495359882274}"
bea_v_spline_accurate,comp_0001,comp_0001_bnd_0046,3411,3411,1766853835.0,"[""boundary_shift_+1_samples"", ""dynamic_boundary_selection"", ""optimized_boundary_sample"", ""regime_from_turn_left_slow"", ""regime_state_transition"", ""regime_to_straight"", ""turn_etalon_transition"", ""turn_state_transition""]",1.4669126815779714e-11,1.0223194176309784e-12,0.15654907478790014,0.07575615546454914,True,True,0.7949754313195275,weighted_raw_and_robust_position_with_robust_local_quadratic_velocity,10.653390835457573,75.69586250246499,-0.022086536703236,27.87275207722018,15.232572553968359,"{""clipped"": false, ""speed_limit_mps"": 197.4171464095553, ""speed_mps_before_clip"": 76.44186565031103}"
bea_v_spline_accurate,comp_0001,comp_0001_bnd_0047,3529,3529,1766853953.0,"[""boundary_shift_+3_samples"", ""descent_state_transition"", ""dynamic_boundary_selection"", ""energy_etalon_transition"", ""energy_state_transition"", ""optimized_boundary_sample"", ""regime_from_energy_loss"", ""regime_state_transition"", ""regime_to_descent""]",1.4553691476799266e-11,6.935711363696672e-12,0.09268917705928288,0.08551756744348635,True,True,0.8224552395084329,weighted_raw_and_robust_position_with_robust_local_quadratic_velocity,4.779075271923801,66.87251030555076,-2.3594341429251102,15.232572553968359,14.441153566474078,"{""clipped"": false, ""speed_limit_mps"": 164.719752213436, ""speed_mps_before_clip"": 67.08456696212257}"
bea_v_spline_smooth,comp_0001,comp_0001_bnd_0001,226,226,1766850398.0,"[""dynamic_boundary_selection"", ""local_altitude_minimum"", ""vertical_mode_reversal_descent_to_level"", ""vertical_reversal_transition""]",7.346668290394296e-12,4.344834860498638e-12,0.0963130673397919,0.017050447280383803,True,True,0.7627445563176714,weighted_raw_and_robust_position_with_robust_local_quadratic_velocity,16.38719522166163,118.34671428481987,-0.8936991304395306,39.4874919555028,21.630426955060848,"{""clipped"": false, ""speed_limit_mps"": 295.81227921114095, ""speed_mps_before_clip"": 119.47921847493556}"
bea_v_spline_smooth,comp_0001,comp_0001_bnd_0002,591,591,1766850763.0,"[""dynamic_boundary_selection"", ""local_altitude_minimum"", ""vertical_mode_reversal_descent_to_level"", ""vertical_reversal_transition""]",2.2737367544323206e-13,2.858300070642911e-12,0.02061282449049052,0.022518735898892774,True,True,0.8239786674883972,weighted_raw_and_robust_position_with_robust_local_quadratic_velocity,7.398753186502446,79.63451350504769,-0.8524862063813647,21.630426955060848,17.707368318112668,"{""clipped"": false, ""speed_limit_mps"": 201.9294941838188, ""speed_mps_before_clip"": 79.98202312165199}"
bea_v_spline_smooth,comp_0001,comp_0001_bnd_0003,855,855,1766851029.0,"[""altitude_lobe_descent_to_climb"", ""altitude_lobe_transition"", ""dynamic_boundary_selection"", ""large_vertical_excursion"", ""local_altitude_minimum"", ""vertical_mode_reversal_descent_to_climb"", ""vertical_reversal_transition""]",1.4665271577371318e-11,1.9039961732062194e-12,0.3446975942052222,0.1397256024226319,True,True,0.7162125300406689,weighted_raw_and_robust_position_with_robust_local_quadratic_velocity,5.571622198345125,65.09408594248754,-0.4239753235149207,17.707368318112668,22.184690908497572,"{""clipped"": false, ""speed_limit_mps"": 157.80195178242226, ""speed_mps_before_clip"": 65.33347345491433}"
bea_v_spline_smooth,comp_0001,comp_0001_bnd_0004,880,880,1766851074.0,"[""altitude_lobe_climb_to_descent"", ""altitude_lobe_transition"", ""dynamic_boundary_selection"", ""large_vertical_excursion"", ""local_altitude_maximum"", ""vertical_mode_reversal_climb_to_descent"", ""vertical_reversal_transition""]",1.4666923946488295e-11,2.097454400049339e-12,0.3835012869121794,0.04403181925012227,True,True,0.7251762367255845,weighted_raw_and_robust_position_with_robust_local_quadratic_velocity,9.990076490784958,73.95480097758553,1.208425998817061,22.184690908497572,29.098603195444163,"{""clipped"": false, ""speed_limit_mps"": 185.22837535719415, ""speed_mps_before_clip"": 74.63628145426752}"
bea_v_spline_smooth,comp_0001,comp_0001_bnd_0005,901,901,1766851097.0,"[""boundary_shift_-3_samples"", ""descent_state_transition"", ""dynamic_boundary_selection"", ""energy_etalon_transition"", ""energy_state_transition"", ""optimized_boundary_sample"", ""regime_from_descent"", ""regime_state_transition"", ""regime_to_level_accel"", ""speed_change_transition""]",2.916150490788836e-11,2.2253137961128547e-12,0.14278147365708724,0.04070735677608698,True,True,0.7306499448756781,weighted_raw_and_robust_position_with_robust_local_quadratic_velocity,15.51515543610413,83.03519049361496,-0.66729878033155,29.098603195444163,26.460186701167522,"{""clipped"": false, ""speed_limit_mps"": 207.77391389791563, ""speed_mps_before_clip"": 84.47489684030178}"
bea_v_spline_smooth,comp_0001,comp_0001_bnd_0006,921,921,1766851119.0,"[""boundary_shift_-1_samples"", ""climb_state_transition"", ""dynamic_boundary_selection"", ""energy_etalon_transition"", ""energy_state_transition"", ""optimized_boundary_sample"", ""regime_from_climb"", ""regime_state_transition"", ""regime_to_level_accel"", ""speed_change_transition""]",1.4552359310800645e-11,4.791878558592736e-12,0.2841066862399345,0.015258004112808159,True,True,0.7530020266784084,weighted_raw_and_robust_position_with_robust_local_quadratic_velocity,17.092332704579768,87.77531660266169,1.573765354691376,26.460186701167522,49.689133589135864,"{""clipped"": false, ""speed_limit_mps"": 225.73019759729556, ""speed_mps_before_clip"": 89.43785987697363}"
bea_v_spline_smooth,comp_0001,comp_0001_bnd_0007,1022,1022,1766851223.0,"[""dynamic_boundary_selection"", ""regime_from_straight"", ""regime_state_transition"", ""regime_to_turn_left_slow"", ""turn_etalon_transition"", ""turn_state_transition""]",2.910582878957307e-11,1.0751408045549227e-11,0.652949103377739,0.139880308099144,True,True,0.727883183816014,weighted_raw_and_robust_position_with_robust_local_quadratic_velocity,17.693661469456003,96.45758700210122,0.38254592376770985,49.689133589135864,63.33859622750434,"{""clipped"": false, ""speed_limit_mps"": 240.5060036297652, ""speed_mps_before_clip"": 98.067721946864}"
bea_v_spline_smooth,comp_0001,comp_0001_bnd_0008,1104,1104,1766851315.0,"[""boundary_shift_-2_samples"", ""dynamic_boundary_selection"", ""energy_etalon_transition"", ""energy_state_transition"", ""optimized_boundary_sample"", ""regime_from_energy_constant"", ""regime_from_turn_left_slow"", ""regime_state_transition"", ""regime_to_energy_loss"", ""regime_to_straight"", ""turn_etalon_transition"", ""turn_state_transition""]",1.467221027715066e-11,4.478072845857834e-13,0.7526966995886375,0.17191451382017317,True,True,0.7713231142024978,weighted_raw_and_robust_position_with_robust_local_quadratic_velocity,-82.15814085063509,-78.50743025389721,0.0388214340907397,63.33859622750434,61.30334125466577,"{""clipped"": false, ""speed_limit_mps"": 287.77396544260057, ""speed_mps_before_clip"": 113.63704598504431}"
bea_v_spline_smooth,comp_0001,comp_0001_bnd_0009,1180,1180,1766851392.0,"[""boundary_shift_+3_samples"", ""dynamic_boundary_selection"", ""optimized_boundary_sample"", ""regime_from_straight"", ""regime_state_transition"", ""regime_to_turn_left_slow"", ""turn_etalon_transition"", ""turn_state_transition""]",1.4559462787609454e-11,9.960028943614073e-13,0.3116742094122676,0.108621931260333,True,True,0.5965139340322104,weighted_raw_and_robust_position_with_robust_local_quadratic_velocity,-83.59923527243338,-86.74459620192944,0.03464093358147271,61.30334125466577,155.16645220073644,"{""clipped"": false, ""speed_limit_mps"": 286.8031058687986, ""speed_mps_before_clip"": 120.47181541076627}"
bea_v_spline_smooth,comp_0001,comp_0001_bnd_0010,1230,1230,1766851445.0,"[""dynamic_boundary_selection"", ""regime_from_turn_left_slow"", ""regime_state_transition"", ""regime_to_straight"", ""turn_etalon_transition"", ""turn_state_transition""]",1.455335844673168e-11,9.15217060317566e-12,0.1811645562790162,0.04617050868333469,True,True,0.6373201344289432,weighted_raw_and_robust_position_with_robust_local_quadratic_velocity,-3.0879010632296877,-131.62019408968888,0.754177587283741,155.16645220073644,48.864445974458924,"{""clipped"": false, ""speed_limit_mps"": 324.10347786004377, ""speed_mps_before_clip"": 131.6585713465585}"
bea_v_spline_smooth,comp_0001,comp_0001_bnd_0011,1282,1282,1766851506.0,"[""boundary_shift_+1_samples"", ""boundary_shift_-3_samples"", ""climb_state_transition"", ""dynamic_boundary_selection"", ""energy_etalon_transition"", ""energy_state_transition"", ""optimized_boundary_sample"", ""regime_from_climb"", ""regime_from_energy_constant"", ""regime_state_transition"", ""regime_to_climb"", ""regime_to_level_decel"", ""speed_change_transition""]",4.3655782692519023e-11,6.2528034889425264e-12,0.11000025657658635,0.05762370177539577,True,True,0.5651088408148973,weighted_raw_and_robust_position_with_robust_local_quadratic_velocity,-0.03828737571011047,-122.76878199089352,1.320994833544919,48.864445974458924,31.26302471863854,"{""clipped"": false, ""speed_limit_mps"": 313.8176819102788, ""speed_mps_before_clip"": 122.77589472205418}"
bea_v_spline_smooth,comp_0001,comp_0001_bnd_0012,1345,1345,1766851571.0,"[""boundary_shift_-2_samples"", ""climb_state_transition"", ""dynamic_boundary_selection"", ""energy_etalon_transition"", ""energy_state_transition"", ""optimized_boundary_sample"", ""regime_from_energy_gain"", ""regime_from_level_accel"", ""regime_state_transition"", ""regime_to_climb"", ""regime_to_level_accel"", ""speed_change_transition""]",1.4552359310800645e-11,1.1945911628427663e-12,0.23148349699976628,0.04795788742040303,True,True,0.7417909608981101,weighted_raw_and_robust_position_with_robust_local_quadratic_velocity,-0.09451384013831246,-109.27878181945385,0.829374409334034,31.26302471863854,46.88406167924748,"{""clipped"": false, ""speed_limit_mps"": 281.66204700765326, ""speed_mps_before_clip"": 109.28196992514654}"
bea_v_spline_smooth,comp_0001,comp_0001_bnd_0013,1394,1394,1766851621.0,"[""boundary_shift_+1_samples"", ""dynamic_boundary_selection"", ""energy_etalon_transition"", ""energy_state_transition"", ""optimized_boundary_sample"", ""regime_from_energy_constant"", ""regime_from_straight"", ""regime_state_transition"", ""regime_to_level_decel"", ""regime_to_turn_left_slow"", ""speed_change_transition"", ""turn_etalon_transition"", ""turn_state_transition""]",6.844854043943255e-13,4.6470084946407565e-12,1.1776067528386145,0.043298930622766844,True,True,0.7225452010895226,weighted_raw_and_robust_position_with_robust_local_quadratic_velocity,3.2556817920605163,-108.0459234721557,0.5409354999714676,46.88406167924748,48.00820949646331,"{""clipped"": false, ""speed_limit_mps"": 279.1287715776375, ""speed_mps_before_clip"": 108.09631656119097}"
bea_v_spline_smooth,comp_0001,comp_0001_bnd_0014,1422,1422,1766851652.0,"[""boundary_shift_+2_samples"", ""climb_state_transition"", ""dynamic_boundary_selection"", ""energy_etalon_transition"", ""energy_state_transition"", ""optimized_boundary_sample"", ""regime_from_level_decel"", ""regime_state_transition"", ""regime_to_climb"", ""speed_change_transition""]",6.821210263296962e-13,6.140573466851573e-12,0.6709825707919883,0.13604933713175543,True,True,0.7745300463191941,weighted_raw_and_robust_position_with_robust_local_quadratic_velocity,66.51204772165889,-82.5302189906241,1.6950927390175752,48.00820949646331,27.541356794532422,"{""clipped"": false, ""speed_limit_mps"": 280.46739439756703, ""speed_mps_before_clip"": 106.0092584549221}"
bea_v_spline_smooth,comp_0001,comp_0001_bnd_0015,1437,1437,1766851671.0,"[""boundary_shift_+2_samples"", ""climb_state_transition"", ""dynamic_boundary_selection"", ""energy_etalon_transition"", ""energy_state_transition"", ""optimized_boundary_sample"", ""regime_from_level_decel"", ""regime_state_transition"", ""regime_to_climb"", ""speed_change_transition""]",4.687428401686771e-13,4.095938376272585e-12,0.3456624404891342,0.2208936415187183,True,True,0.7198554859521864,weighted_raw_and_robust_position_with_robust_local_quadratic_velocity,101.25144799323112,-33.54163129549764,1.2605081810886254,27.541356794532422,22.586424728762488,"{""clipped"": false, ""speed_limit_mps"": 258.5470798974831, ""speed_mps_before_clip"": 106.66998467968243}"
bea_v_spline_smooth,comp_0001,comp_0001_bnd_0016,1455,1455,1766851690.0,"[""boundary_shift_+2_samples"", ""descent_state_transition"", ""dynamic_boundary_selection"", ""energy_etalon_transition"", ""energy_state_transition"", ""optimized_boundary_sample"", ""regime_from_descent"", ""regime_from_energy_loss"", ""regime_state_transition"", ""regime_to_energy_constant"", ""regime_to_energy_loss""]",1.4559462787609454e-11,2.8363612933173357e-12,0.47981060659409014,0.13046874072600792,True,True,0.7109972907830938,weighted_raw_and_robust_position_with_robust_local_quadratic_velocity,95.55667964670306,-28.503576452044463,-0.11771168901117003,22.586424728762488,56.00511655785874,"{""clipped"": false, ""speed_limit_mps"": 243.0754694637088, ""speed_mps_before_clip"": 99.71733425890359}"
bea_v_spline_smooth,comp_0001,comp_0001_bnd_0017,1499,1499,1766851739.0,"[""boundary_shift_-1_samples"", ""boundary_shift_-4_samples"", ""dynamic_boundary_selection"", ""energy_etalon_transition"", ""energy_state_transition"", ""optimized_boundary_sample"", ""regime_from_energy_constant"", ""regime_from_turn_left_slow"", ""regime_state_transition"", ""regime_to_level_decel"", ""regime_to_turn_left_medium"", ""speed_change_transition"", ""turn_etalon_transition"", ""turn_state_transition""]",1.4665602066088468e-11,2.52434744834263e-12,0.7088105012103567,0.1113071088473921,True,True,0.7727133614676794,weighted_raw_and_robust_position_with_robust_local_quadratic_velocity,58.685513225649956,51.07354041877616,-0.4142339667947924,56.00511655785874,39.72776246785458,"{""clipped"": false, ""speed_limit_mps"": 197.0995190248286, ""speed_mps_before_clip"": 77.7988919152808}"
bea_v_spline_smooth,comp_0001,comp_0001_bnd_0018,1512,1512,1766851754.0,"[""boundary_shift_+3_samples"", ""dynamic_boundary_selection"", ""optimized_boundary_sample"", ""regime_from_turn_left_medium"", ""regime_state_transition"", ""regime_to_turn_left_slow"", ""turn_etalon_transition"", ""turn_state_transition""]",1.4552359310800645e-11,3.449262364368938e-12,1.2186663410555878,0.09359190274350863,True,True,0.7673673888757446,weighted_raw_and_robust_position_with_robust_local_quadratic_velocity,21.39715295883843,65.13414291394928,-0.3541115402179912,39.72776246785458,35.86874607717601,"{""clipped"": false, ""speed_limit_mps"": 168.1623248567936, ""speed_mps_before_clip"": 68.5596099964229}"
bea_v_spline_smooth,comp_0001,comp_0001_bnd_0019,1548,1548,1766851790.0,"[""boundary_shift_-1_samples"", ""dynamic_boundary_selection"", ""optimized_boundary_sample"", ""regime_from_turn_left_slow"", ""regime_state_transition"", ""regime_to_straight"", ""turn_etalon_transition"", ""turn_state_transition""]",1.1368683772161603e-13,2.1483158202277473e-12,0.11771420322786408,0.03524119059590033,True,True,0.8193704441659799,weighted_raw_and_robust_position_with_robust_local_quadratic_velocity,7.481148985434736,62.699443165082656,-0.023465898762188703,35.86874607717601,17.02408366966976,"{""clipped"": false, ""speed_limit_mps"": 153.04709, ""speed_mps_before_clip"": 63.14418669998138}"
bea_v_spline_smooth,comp_0001,comp_0001_bnd_0020,1749,1749,1766851992.0,"[""dynamic_boundary_selection"", ""go_around_transition"", ""local_altitude_minimum"", ""vertical_mode_reversal_descent_to_climb""]",0.0,4.554401574207685e-12,4.965980978031648,0.47320574043823294,True,True,0.7421636976681092,weighted_raw_and_robust_position_with_robust_local_quadratic_velocity,4.111750119420741,65.43560076248828,-3.9783955160093303,17.02408366966976,40.190276413774455,"{""clipped"": false, ""speed_limit_mps"": 160.19493751975844, ""speed_mps_before_clip"": 65.68524923507648}"
bea_v_spline_smooth,comp_0001,comp_0001_bnd_0021,1780,1780,1766852025.0,"[""dynamic_boundary_selection"", ""local_altitude_maximum"", ""vertical_mode_reversal_climb_to_level"", ""vertical_reversal_transition""]",1.4553691476799266e-11,4.4311558719372074e-13,1.002435436050531,0.08993516965983715,True,True,0.7072009093400099,weighted_raw_and_robust_position_with_robust_local_quadratic_velocity,5.552919878877228,59.959794503058575,2.1139573912255933,40.190276413774455,23.394577832330384,"{""clipped"": false, ""speed_limit_mps"": 143.4676684878646, ""speed_mps_before_clip"": 60.25347037210521}"
bea_v_spline_smooth,comp_0001,comp_0001_bnd_0022,1787,1787,1766852040.0,"[""boundary_shift_-3_samples"", ""boundary_shift_-4_samples"", ""climb_state_transition"", ""descent_state_transition"", ""dynamic_boundary_selection"", ""energy_etalon_transition"", ""energy_state_transition"", ""optimized_boundary_sample"", ""regime_from_descent"", ""regime_from_energy_constant"", ""regime_state_transition"", ""regime_to_climb"", ""regime_to_energy_constant""]",2.91040525004916e-11,5.59394852156572e-12,0.6632189243385438,0.08704028717603915,True,True,0.6827304877878989,weighted_raw_and_robust_position_with_robust_local_quadratic_velocity,3.339982355866793,61.04334154846447,-2.20036416078183,23.394577832330384,46.59899302595271,"{""clipped"": false, ""speed_limit_mps"": 155.6278002807856, ""speed_mps_before_clip"": 61.17423176452683}"
bea_v_spline_smooth,comp_0001,comp_0001_bnd_0023,1799,1799,1766852077.0,"[""boundary_shift_+3_samples"", ""climb_state_transition"", ""dynamic_boundary_selection"", ""energy_etalon_transition"", ""energy_state_transition"", ""optimized_boundary_sample"", ""regime_from_climb"", ""regime_state_transition"", ""regime_to_level_accel"", ""speed_change_transition""]",1.4555911482528855e-11,5.790598053265731e-13,0.2885803504472451,0.018947513240672734,True,True,0.6796518600030427,weighted_raw_and_robust_position_with_robust_local_quadratic_velocity,7.714672683154366,81.2748361733068,0.022036165926539505,46.59899302595271,49.81083494137675,"{""clipped"": false, ""speed_limit_mps"": 200.63316, ""speed_mps_before_clip"": 81.64015957357431}"
bea_v_spline_smooth,comp_0001,comp_0001_bnd_0024,1873,1873,1766852161.0,"[""boundary_shift_-3_samples"", ""dynamic_boundary_selection"", ""energy_etalon_transition"", ""energy_state_transition"", ""optimized_boundary_sample"", ""regime_from_energy_constant"", ""regime_from_straight"", ""regime_state_transition"", ""regime_to_level_accel"", ""regime_to_turn_right_slow"", ""speed_change_transition"", ""turn_etalon_transition"", ""turn_state_transition""]",1.8749713606747085e-12,9.267524660357145e-12,0.7652707629416488,0.09148059526364635,True,True,0.7829340197144473,weighted_raw_and_robust_position_with_robust_local_quadratic_velocity,18.47219911093988,93.37871687680881,0.5741999979800965,49.81083494137675,46.27716653151376,"{""clipped"": false, ""speed_limit_mps"": 241.7893630778571, ""speed_mps_before_clip"": 95.19000268510925}"
bea_v_spline_smooth,comp_0001,comp_0001_bnd_0025,1898,1898,1766852189.0,"[""boundary_shift_-3_samples"", ""climb_state_transition"", ""dynamic_boundary_selection"", ""energy_etalon_transition"", ""energy_state_transition"", ""optimized_boundary_sample"", ""regime_from_level_accel"", ""regime_state_transition"", ""regime_to_climb"", ""speed_change_transition""]",1.4553691476799266e-11,6.901321319184302e-12,0.7340591718350766,0.09639980035867182,True,True,0.712393093609016,weighted_raw_and_robust_position_with_robust_local_quadratic_velocity,63.91653188150975,86.45988337479068,-0.12551492262960853,46.27716653151376,74.51280135198472,"{""clipped"": false, ""speed_limit_mps"": 277.80451621854104, ""speed_mps_before_clip"": 107.52046426117337}"
bea_v_spline_smooth,comp_0001,comp_0001_bnd_0026,1946,1946,1766852240.0,"[""dynamic_boundary_selection"", ""regime_from_turn_right_slow"", ""regime_state_transition"", ""regime_to_straight"", ""turn_etalon_transition"", ""turn_state_transition""]",2.910471862160129e-11,7.927033346465149e-12,0.590047805034323,0.19201452985034037,True,True,0.6444929341543872,weighted_raw_and_robust_position_with_robust_local_quadratic_velocity,133.20460507648704,-35.93339429542402,8.37177221952875,74.51280135198472,37.07394318087782,"{""clipped"": false, ""speed_limit_mps"": 356.33692272059903, ""speed_mps_before_clip"": 138.21997760551463}"
bea_v_spline_smooth,comp_0001,comp_0001_bnd_0027,1972,1972,1766852266.0,"[""boundary_shift_+1_samples"", ""dynamic_boundary_selection"", ""optimized_boundary_sample"", ""regime_from_straight"", ""regime_state_transition"", ""regime_to_turn_left_slow"", ""turn_etalon_transition"", ""turn_state_transition""]",3.637978807091713e-12,4.915312583528882e-12,0.8615254251053419,0.07749811283645759,True,True,0.7441879338529352,weighted_raw_and_robust_position_with_robust_local_quadratic_velocity,137.83113307876127,-35.317118844031704,8.059818877213708,37.07394318087782,86.62415554907099,"{""clipped"": false, ""speed_limit_mps"": 358.13882761490186, ""speed_mps_before_clip"": 142.51203741983394}"
bea_v_spline_smooth,comp_0001,comp_0001_bnd_0028,2082,2082,1766852384.0,"[""boundary_shift_-4_samples"", ""dynamic_boundary_selection"", ""optimized_boundary_sample"", ""regime_from_turn_left_slow"", ""regime_state_transition"", ""regime_to_straight"", ""turn_etalon_transition"", ""turn_state_transition""]",1.5027318697192008e-11,7.269074445085176e-12,0.37597057338810336,0.07294474102734828,True,True,0.6796128796926938,weighted_raw_and_robust_position_with_robust_local_quadratic_velocity,-37.95227842333087,102.16222140930691,5.019047794435774,86.62415554907099,48.79984243350316,"{""clipped"": false, ""speed_limit_mps"": 274.2695159070451, ""speed_mps_before_clip"": 109.09943061982085}"
bea_v_spline_smooth,comp_0001,comp_0001_bnd_0029,2132,2132,1766852434.0,"[""dynamic_boundary_selection"", ""local_altitude_maximum"", ""vertical_mode_reversal_climb_to_level"", ""vertical_reversal_transition""]",1.4559018921847493e-11,1.6067209391043237e-11,0.2558190829877877,0.049055685817173095,True,True,0.7157367334443748,weighted_raw_and_robust_position_with_robust_local_quadratic_velocity,-38.87960551059838,100.55234042284539,0.5541132602934835,48.79984243350316,40.66336563736171,"{""clipped"": false, ""speed_limit_mps"": 279.73355411750356, ""speed_mps_before_clip"": 107.80864497189812}"
bea_v_spline_smooth,comp_0001,comp_0001_bnd_0030,2162,2162,1766852464.0,"[""boundary_shift_+2_samples"", ""boundary_shift_-4_samples"", ""dynamic_boundary_selection"", ""energy_etalon_transition"", ""energy_state_transition"", ""optimized_boundary_sample"", ""regime_from_energy_constant"", ""regime_from_straight"", ""regime_state_transition"", ""regime_to_energy_loss"", ""regime_to_turn_left_slow"", ""turn_etalon_transition"", ""turn_state_transition""]",1.4551915228366852e-11,7.817311985482458e-12,0.6880284075963641,0.21833562556149283,True,True,0.7066462519135216,weighted_raw_and_robust_position_with_robust_local_quadratic_velocity,-41.93132655896695,102.45536703566098,0.04516764585579824,40.66336563736171,37.43678515341361,"{""clipped"": false, ""speed_limit_mps"": 279.08587, ""speed_mps_before_clip"": 110.7038410423187}"
bea_v_spline_smooth,comp_0001,comp_0001_bnd_0031,2266,2266,1766852585.0,"[""boundary_shift_-3_samples"", ""dynamic_boundary_selection"", ""optimized_boundary_sample"", ""regime_from_turn_left_slow"", ""regime_state_transition"", ""regime_to_straight"", ""turn_etalon_transition"", ""turn_state_transition""]",4.381650604207936e-11,3.254758873408585e-12,0.971829036512211,0.20655900682902922,True,True,0.6346035517591909,weighted_raw_and_robust_position_with_robust_local_quadratic_velocity,-34.67629391873142,-129.57907542181803,0.3039901556497189,37.43678515341361,111.40186287145396,"{""clipped"": false, ""speed_limit_mps"": 342.10526000000004, ""speed_mps_before_clip"": 134.1390120625845}"
bea_v_spline_smooth,comp_0001,comp_0001_bnd_0032,2418,2418,1766852739.0,"[""boundary_shift_-2_samples"", ""dynamic_boundary_selection"", ""energy_etalon_transition"", ""energy_state_transition"", ""optimized_boundary_sample"", ""regime_from_energy_constant"", ""regime_from_straight"", ""regime_state_transition"", ""regime_to_energy_loss"", ""regime_to_turn_right_slow"", ""turn_etalon_transition"", ""turn_state_transition""]",1.467221027715066e-11,1.3188682035842103e-11,0.8502363075102606,0.10916159356408364,True,True,0.6843709698422081,weighted_raw_and_robust_position_with_robust_local_quadratic_velocity,-34.84715566505526,-131.08679610347863,0.5934439127265232,111.40186287145396,50.05250728123451,"{""clipped"": false, ""speed_limit_mps"": 344.68103368582047, ""speed_mps_before_clip"": 135.64079233879875}"
bea_v_spline_smooth,comp_0001,comp_0001_bnd_0033,2442,2442,1766852770.0,"[""boundary_shift_+3_samples"", ""descent_state_transition"", ""dynamic_boundary_selection"", ""energy_etalon_transition"", ""energy_state_transition"", ""optimized_boundary_sample"", ""regime_from_descent"", ""regime_state_transition"", ""regime_to_level_decel"", ""speed_change_transition""]",1.8749713606747085e-12,1.196773544116803e-12,0.12058755504251409,0.03748793108847509,True,True,0.6562085235015649,weighted_raw_and_robust_position_with_robust_local_quadratic_velocity,-83.28578941844265,-90.49270147806136,0.6474069124743388,50.05250728123451,54.804105825523884,"{""clipped"": false, ""speed_limit_mps"": 312.52895775740996, ""speed_mps_before_clip"": 122.9872793241684}"
bea_v_spline_smooth,comp_0001,comp_0001_bnd_0034,2470,2470,1766852804.0,"[""boundary_shift_+2_samples"", ""boundary_shift_+3_samples"", ""dynamic_boundary_selection"", ""energy_etalon_transition"", ""energy_state_transition"", ""optimized_boundary_sample"", ""regime_from_energy_constant"", ""regime_from_turn_right_slow"", ""regime_state_transition"", ""regime_to_level_decel"", ""regime_to_straight"", ""speed_change_transition"", ""turn_etalon_transition"", ""turn_state_transition""]",2.916416405209741e-11,7.912114506851713e-13,0.2854421177492251,0.017833614733128472,True,True,0.7004459543014362,weighted_raw_and_robust_position_with_robust_local_quadratic_velocity,-103.4579702262632,-43.68987855820056,-0.010268896894481237,54.804105825523884,27.234888863344427,"{""clipped"": false, ""speed_limit_mps"": 284.23031000000003, ""speed_mps_before_clip"": 112.30475144542602}"
bea_v_spline_smooth,comp_0001,comp_0001_bnd_0035,2601,2601,1766852947.0,"[""boundary_shift_+2_samples"", ""boundary_shift_-3_samples"", ""descent_state_transition"", ""dynamic_boundary_selection"", ""energy_etalon_transition"", ""energy_state_transition"", ""optimized_boundary_sample"", ""regime_from_descent"", ""regime_from_level_decel"", ""regime_state_transition"", ""regime_to_descent"", ""regime_to_level_decel"", ""speed_change_transition""]",1.472847974646506e-11,4.969697172256101e-12,0.49361887803260635,0.09326383891574111,True,True,0.6878607398865416,weighted_raw_and_robust_position_with_robust_local_quadratic_velocity,83.96947637657583,71.88313144102693,-1.8806156496444992,27.234888863344427,25.432167990679044,"{""clipped"": false, ""speed_limit_mps"": 290.0435937978421, ""speed_mps_before_clip"": 110.55131959386992}"
bea_v_spline_smooth,comp_0001,comp_0001_bnd_0036,2635,2635,1766852996.0,"[""boundary_shift_+1_samples"", ""dynamic_boundary_selection"", ""optimized_boundary_sample"", ""regime_from_turn_left_slow"", ""regime_state_transition"", ""regime_to_straight"", ""turn_etalon_transition"", ""turn_state_transition""]",1.467221027715066e-11,8.5131232724576e-12,0.38791649097547093,0.07427651367163045,True,True,0.6545141974337699,weighted_raw_and_robust_position_with_robust_local_quadratic_velocity,8.987419423603322,99.26671190169921,-0.0059553715657896834,25.432167990679044,38.26711557141926,"{""clipped"": false, ""speed_limit_mps"": 248.2205607632714, ""speed_mps_before_clip"": 99.67273365939737}"
bea_v_spline_smooth,comp_0001,comp_0001_bnd_0037,2698,2698,1766853063.0,"[""boundary_shift_+2_samples"", ""boundary_shift_-1_samples"", ""boundary_shift_-3_samples"", ""dynamic_boundary_selection"", ""energy_etalon_transition"", ""energy_state_transition"", ""optimized_boundary_sample"", ""regime_from_energy_constant"", ""regime_from_energy_loss"", ""regime_from_straight"", ""regime_state_transition"", ""regime_to_energy_constant"", ""regime_to_energy_loss"", ""regime_to_turn_left_slow"", ""turn_etalon_transition"", ""turn_state_transition""]",2.2737367544323206e-12,4.009691035266638e-12,0.4642025380611561,0.09745358952704404,True,True,0.7644611011523853,weighted_raw_and_robust_position_with_robust_local_quadratic_velocity,7.279834814561331,94.25366234226283,-0.0002613039195431308,38.26711557141926,28.9066736566038,"{""clipped"": false, ""speed_limit_mps"": 243.0761489274176, ""speed_mps_before_clip"": 94.53437924863564}"
bea_v_spline_smooth,comp_0001,comp_0001_bnd_0038,3013,3013,1766853403.0,"[""dynamic_boundary_selection"", ""regime_from_turn_left_slow"", ""regime_state_transition"", ""regime_to_straight"", ""turn_etalon_transition"", ""turn_state_transition""]",1.016845989170083e-12,8.047960706702941e-12,0.3510658354009291,0.07227720065625241,True,True,0.7425520315621064,weighted_raw_and_robust_position_with_robust_local_quadratic_velocity,-109.16843599187486,-4.458703441640359,0.09715161219477886,28.9066736566038,25.95383316591984,"{""clipped"": false, ""speed_limit_mps"": 275.2276733530309, ""speed_mps_before_clip"": 109.25949337118641}"
bea_v_spline_smooth,comp_0001,comp_0001_bnd_0039,3029,3029,1766853419.0,"[""boundary_shift_+1_samples"", ""boundary_shift_-4_samples"", ""descent_state_transition"", ""dynamic_boundary_selection"", ""energy_etalon_transition"", ""energy_state_transition"", ""optimized_boundary_sample"", ""regime_from_energy_constant"", ""regime_from_energy_loss"", ""regime_state_transition"", ""regime_to_descent"", ""regime_to_energy_loss""]",1.456611915095615e-11,5.2043382364713074e-12,0.33579069208200574,0.015890393885809262,True,True,0.71335932073777,weighted_raw_and_robust_position_with_robust_local_quadratic_velocity,-111.28899348387954,-4.548950067063463,-0.5410736863801339,25.95383316591984,79.30593965908743,"{""clipped"": false, ""speed_limit_mps"": 274.58380024069334, ""speed_mps_before_clip"": 111.38323831753911}"
bea_v_spline_smooth,comp_0001,comp_0001_bnd_0040,3082,3082,1766853472.0,"[""boundary_shift_+3_samples"", ""dynamic_boundary_selection"", ""optimized_boundary_sample"", ""regime_from_straight"", ""regime_state_transition"", ""regime_to_turn_left_slow"", ""turn_etalon_transition"", ""turn_state_transition""]",2.910738295359853e-11,3.805651238471339e-12,0.23225311575435068,0.04580637626891164,True,True,0.7122255914931246,weighted_raw_and_robust_position_with_robust_local_quadratic_velocity,-111.04749470011106,-7.890586157987744,-4.7970188803827245,79.30593965908743,141.1073754446611,"{""clipped"": false, ""speed_limit_mps"": 276.81929748368793, ""speed_mps_before_clip"": 111.43078039404809}"
bea_v_spline_smooth,comp_0001,comp_0001_bnd_0041,3142,3142,1766853547.0,"[""boundary_shift_-4_samples"", ""dynamic_boundary_selection"", ""optimized_boundary_sample"", ""regime_from_turn_left_slow"", ""regime_state_transition"", ""regime_to_straight"", ""turn_etalon_transition"", ""turn_state_transition""]",1.4805501083264704e-11,2.0670879205672714e-12,0.3468677546379624,0.035880975308474394,True,True,0.6560165397641267,weighted_raw_and_robust_position_with_robust_local_quadratic_velocity,11.362198138831063,-141.42724227322333,-3.2477422585409768,141.1073754446611,67.89492656787515,"{""clipped"": false, ""speed_limit_mps"": 356.3118066902371, ""speed_mps_before_clip"": 141.9200910136862}"
bea_v_spline_smooth,comp_0001,comp_0001_bnd_0042,3215,3215,1766853624.0,"[""boundary_shift_+1_samples"", ""dynamic_boundary_selection"", ""optimized_boundary_sample"", ""regime_from_straight"", ""regime_state_transition"", ""regime_to_turn_left_slow"", ""turn_etalon_transition"", ""turn_state_transition""]",1.4665161412810538e-11,1.9882881705202474e-12,0.21063770260781023,0.02591488167785959,True,True,0.699572530563722,weighted_raw_and_robust_position_with_robust_local_quadratic_velocity,19.0633878583206,-123.33227192368801,-3.7302288096049794,67.89492656787515,148.99427697149204,"{""clipped"": false, ""speed_limit_mps"": 308.8204643509235, ""speed_mps_before_clip"": 124.85261976213113}"
bea_v_spline_smooth,comp_0001,comp_0001_bnd_0043,3277,3277,1766853690.0,"[""boundary_shift_+3_samples"", ""dynamic_boundary_selection"", ""optimized_boundary_sample"", ""regime_from_turn_left_slow"", ""regime_state_transition"", ""regime_to_straight"", ""turn_etalon_transition"", ""turn_state_transition""]",2.2737367544323206e-13,7.731783275613007e-12,0.28430446911335827,0.0836011734091166,True,True,0.6733062302433823,weighted_raw_and_robust_position_with_robust_local_quadratic_velocity,105.74864176465074,-33.2496189534401,-3.731460828232493,148.99427697149204,37.02725597819914,"{""clipped"": false, ""speed_limit_mps"": 281.799396147997, ""speed_mps_before_clip"": 110.91544615395114}"
bea_v_spline_smooth,comp_0001,comp_0001_bnd_0044,3317,3317,1766853730.0,"[""dynamic_boundary_selection"", ""regime_from_straight"", ""regime_state_transition"", ""regime_to_turn_left_slow"", ""turn_etalon_transition"", ""turn_state_transition""]",1.4553691476799266e-11,1.62614287207224e-13,0.691482650500492,0.10406884844634912,True,True,0.775204836641623,weighted_raw_and_robust_position_with_robust_local_quadratic_velocity,107.81041834216758,-30.70230987147953,-2.809391609829773,37.02725597819914,62.281375237008305,"{""clipped"": false, ""speed_limit_mps"": 278.5614222414693, ""speed_mps_before_clip"": 112.1321132226398}"
bea_v_spline_smooth,comp_0001,comp_0001_bnd_0045,3383,3383,1766853807.0,"[""boundary_shift_+3_samples"", ""dynamic_boundary_selection"", ""local_altitude_minimum"", ""optimized_boundary_sample"", ""regime_from_turn_left_medium"", ""regime_state_transition"", ""regime_to_turn_left_slow"", ""turn_etalon_transition"", ""turn_state_transition"", ""vertical_mode_reversal_descent_to_level"", ""vertical_reversal_transition""]",1.8331451766013172e-12,4.582462198887134e-12,0.7643058586553061,0.16791402641289346,True,True,0.7314932765204739,weighted_raw_and_robust_position_with_robust_local_quadratic_velocity,21.32017579269354,74.6878790101668,-0.810880559097802,62.281375237008305,54.561063875534295,"{""clipped"": false, ""speed_limit_mps"": 201.36310154617107, ""speed_mps_before_clip"": 77.67552184665252}"
bea_v_spline_smooth,comp_0001,comp_0001_bnd_0046,3411,3411,1766853835.0,"[""boundary_shift_+1_samples"", ""dynamic_boundary_selection"", ""optimized_boundary_sample"", ""regime_from_turn_left_slow"", ""regime_state_transition"", ""regime_to_straight"", ""turn_etalon_transition"", ""turn_state_transition""]",0.0,7.660001726602964e-12,0.483796253631405,0.02515700981431962,True,True,0.7949754313195275,weighted_raw_and_robust_position_with_robust_local_quadratic_velocity,9.660037017603038,75.35632338749843,0.05385018941016199,54.561063875534295,23.615698183762518,"{""clipped"": false, ""speed_limit_mps"": 197.4171464095553, ""speed_mps_before_clip"": 75.972986577504}"
bea_v_spline_smooth,comp_0001,comp_0001_bnd_0047,3529,3529,1766853953.0,"[""boundary_shift_+3_samples"", ""descent_state_transition"", ""dynamic_boundary_selection"", ""energy_etalon_transition"", ""energy_state_transition"", ""optimized_boundary_sample"", ""regime_from_energy_loss"", ""regime_state_transition"", ""regime_to_descent""]",1.4665602066088468e-11,1.690122042805201e-11,0.07174169401667325,0.013982444328165262,True,True,0.8224552395084329,weighted_raw_and_robust_position_with_robust_local_quadratic_velocity,5.267499263862442,67.30709927029575,-2.353994225508057,23.615698183762518,20.04194778691311,"{""clipped"": false, ""speed_limit_mps"": 164.719752213436, ""speed_mps_before_clip"": 67.5539299337201}"
