method_id,segment_id,component_id,regime_label,t0,t1,duration_s,n_observations,start_sample_index,end_sample_index,start_boundary_id,end_boundary_id,rmse_3d_m,rmse_horizontal_m,rmse_vertical_m,median_error_3d_m,p95_error_3d_m,max_error_3d_m,median_horizontal_error_m,p95_horizontal_error_m,max_horizontal_error_m,median_vertical_error_m,p95_vertical_error_m,max_vertical_error_m,accel_rms_mps2,accel_p95_mps2,accel_max_mps2,jerk_rms_mps3,jerk_p95_mps3,jerk_max_mps3,endpoint_constraint_error_m,trajectory_model_score_0_100,trajectory_model_interpretation,trajectory_truth_data_used,trajectory_regime_bucket,trajectory_position_score_0_100,trajectory_velocity_evidence_score_0_100,trajectory_fd_kinematics_score_0_100,trajectory_smoothness_score_0_100,trajectory_plausibility_score_0_100,trajectory_detail_score_0_100,trajectory_derivative_closure_score_0_100,velocity_evidence_weighted_rmse_3d_mps,velocity_evidence_weighted_p95_3d_mps,fd_velocity_rmse_3d_mps,fd_track_angle_median_error_deg,jerk_per_speed_rms_1_s2,snap_proxy_rms_mps4,turn_rate_p95_deg_s,curvature_p95_1_per_m,physical_accel_p95_mps2,velocity_detail_retention_ratio,position_velocity_closure_rms_mps,velocity_acceleration_closure_rms_mps2,selected_score,position_cost_m,motion_cost_m_equivalent,complexity_cost_m_equivalent,selected_reason,adaptive_eta,smoothing_lambda,velocity_weight,knot_spacing_s,min_observations_per_basis,jerk_penalty_weight,boundary_acceleration_prior_weight,effective_velocity_weight,effective_velocity_outlier_gate_mps,effective_adaptive_speed_floor_mps,effective_min_observations_per_basis,effective_jerk_penalty_weight,effective_snap_penalty_weight,effective_boundary_velocity_prior_weight,effective_boundary_acceleration_prior_weight,effective_hard_component_endpoint_velocities,effective_endpoint_guard_window_s,effective_endpoint_jerk_penalty_multiplier,effective_endpoint_snap_penalty_multiplier,candidate_count,successful_candidate_count,n_basis,condition_number_hessian
kalman_rts_balanced,kalman_rts_balanced_whole_track,4BAAD9_kalman_rts_whole_track,kalman_rts_whole_track_no_segmentation,1766850172.0,1766854176.0,4004.0,3728,0,3972,,,17.51372140981148,17.416837143731257,1.8396253774158533,10.939184300611037,35.348460252153274,71.23397240136865,10.785673483289788,35.31044571783696,71.23373333279827,0.9619247616178086,3.7027236462108633,10.60023829743659,1.875400495452882,4.316563922161288,5.565278585431792,0.19166714413042496,0.39694971837276094,0.7677324202109829,0.0,96.89731385786739,excellent_trajectory_model_for_reference_free_derivative_analysis,False,ground,100.0,100.0,86.45406696350751,100.0,93.319022455044,100.0,100.0,3.2148441715692266,7.371536006893558,23.208654207055382,0.7118297103955462,0.0019696641790830824,0.06877372286780128,2.09673851280109,0.00033752274011606217,4.316563922161288,0.9759559860600693,0.0009984466822385793,0.00035698188784260567,,,,,,,,,,,,,,,,,,,,,,,,,,,33552,
kalman_rts_accurate,kalman_rts_accurate_whole_track,4BAAD9_kalman_rts_whole_track,kalman_rts_whole_track_no_segmentation,1766850172.0,1766854176.0,4004.0,3728,0,3972,,,16.883135885678914,16.78984389700477,1.7724049335609051,10.441179404146208,33.79643898459963,70.63528208003528,10.32010992029331,33.79573051614634,70.63491177514358,0.9664191871434014,3.5780033512046847,11.306543513733459,1.9715476862573746,4.472166342388674,6.382131374795765,0.4268000059592481,0.8181810207503079,1.9369082634338342,0.0,96.7497262055427,excellent_trajectory_model_for_reference_free_derivative_analysis,False,ground,100.0,100.0,86.64561600856075,100.0,92.04591174409268,100.0,100.0,3.307371540588238,7.380222319465347,23.038688918759245,0.7050453847834443,0.004254070131497113,0.42326702359966556,2.133319675031979,0.00033516071142675375,4.472166342388674,0.9760251468951118,0.002225125788024277,0.0022034149760716275,,,,,,,,,,,,,,,,,,,,,,,,,,,33552,
kalman_rts_smooth,kalman_rts_smooth_whole_track,4BAAD9_kalman_rts_whole_track,kalman_rts_whole_track_no_segmentation,1766850172.0,1766854176.0,4004.0,3728,0,3972,,,20.032089703472206,19.73543225212181,3.4347244008606292,13.438555129910737,39.989995973769545,70.69950007570829,13.015489194592295,39.70857260688675,70.63997823461933,1.2411941560763466,5.820897329947085,32.09114162764797,1.7795621169633942,4.176969194752052,5.17843981579045,0.10336849963825685,0.23520620282905194,0.32204529828194073,0.0,97.03070389093145,excellent_trajectory_model_for_reference_free_derivative_analysis,False,ground,100.0,100.0,86.28838332620546,100.0,94.46116113384684,100.0,100.0,3.282208592906351,7.625891639296362,23.358536021395146,0.7875186419007876,0.0009684081751504698,0.012306976339597316,2.049963029933569,0.0003240131916772285,4.176969194752052,0.9755368228648581,0.00053838461526034,6.402122039621426e-05,,,,,,,,,,,,,,,,,,,,,,,,,,,33552,
bea_v_spline_balanced,comp_0001_seg_0001,comp_0001,descent,1766850172.0,1766850398.0,226.0,227,0,226,,comp_0001_bnd_0001,31.757707118450973,31.714997217538233,1.6464850175005035,21.275523334477544,60.006953958991815,109.94049487479137,21.273628757834917,59.97165459649271,109.91219925812211,1.1483529539009396,3.195525545444705,4.985165187271377,0.1483534091178675,0.3967474441513482,0.4674328013780584,0.021745432325242023,0.05613083924094399,0.09762766696012648,0.0,90.34513826106685,excellent_trajectory_model_for_reference_free_derivative_analysis,False,approach_final,95.64018895583807,100.0,79.88309440772574,100.0,100.0,40.87020481130149,100.0,1.558047678959338,3.779919777378298,29.02880475969656,0.5569205991428997,0.00010058925595992598,0.0032640115886683314,0.012674489660848384,1.8299973118431749e-06,0.1817722109089418,0.190349552990514,6.278237753644297e-05,1.70020449667202e-05,46.04340030779846,45.957907807745165,0.007184654027109385,0.07830784602618164,local_tuning_candidate:more_position_detail;base=steady_airborne_default,45000.0,0.45,0.03,3.5,5.0,0.025,0.2,,,,7.0,,,,,,,,,14,14,34,
bea_v_spline_balanced,comp_0001_seg_0002,comp_0001,descent,1766850398.0,1766850763.0,365.0,366,226,591,comp_0001_bnd_0001,comp_0001_bnd_0002,20.573858559417573,20.50152604487484,1.7236838034391189,15.808902823653032,37.20565404370275,52.43527022857283,15.656072461072952,37.1995009272141,52.18511035937973,1.1377807589772146,3.3573937532785294,5.537504710465214,0.2331423553317694,0.46852352005529474,0.7710689613408427,0.02880495263389989,0.07017519115625002,0.09341390701853688,0.0,97.9981003938117,excellent_trajectory_model_for_reference_free_derivative_analysis,False,approach_final,100.0,100.0,87.48812746132303,100.0,100.0,100.0,100.0,0.9429653342247062,1.7147213027560944,22.297988902496744,0.6708842100196329,0.0002471049322189742,0.0053116318615502875,0.09970124534004297,2.056590942869125e-05,0.3933267037480995,0.45477530027266444,0.0001256560962727671,2.7668754377783985e-05,29.160527324276817,29.06369477272958,0.017642632100758778,0.07918991944647863,local_tuning_candidate:more_position_detail;base=steady_airborne_default,45000.0,0.45,0.03,3.5,5.0,0.025,0.2,,,,7.0,,,,,,,,,14,14,56,
bea_v_spline_balanced,comp_0001_seg_0003,comp_0001,descent,1766850763.0,1766851029.0,266.0,265,591,855,comp_0001_bnd_0002,comp_0001_bnd_0003,14.532031164865863,14.415761337065632,1.8345993702703687,10.75219045170203,27.350924370068046,41.37595043242727,10.643068431829828,27.331760695649358,41.37249055747706,1.1228134039298538,3.401103298551129,7.3969845574458475,0.890490890679169,1.4916158929847996,12.37779274001129,0.40773235023500193,0.27933343512242076,5.226152056444798,0.0,96.83976308360529,excellent_trajectory_model_for_reference_free_derivative_analysis,False,approach_final,100.0,100.0,95.76500331487266,100.0,100.0,75.17362553225648,100.0,1.6314389126062845,2.8979750013451167,14.997274039367147,1.1539609081635103,0.001143067060163265,0.021570262796713934,0.0575802786417585,1.5669149797980374e-05,0.523234632398427,0.2829687889370925,0.00039100978154272913,0.00011236866933908507,21.214427180626053,20.82973504752802,0.30362538927087296,0.08106674382716049,local_tuning_candidate:more_position_detail;base=steady_airborne_default,45000.0,0.45,0.03,3.5,5.0,0.025,0.2,,,,7.0,,,,,,,,,14,14,41,
bea_v_spline_balanced,comp_0001_seg_0004,comp_0001,climb,1766851029.0,1766851074.0,45.0,26,855,880,comp_0001_bnd_0003,comp_0001_bnd_0004,27.50569664597407,22.15832280506834,16.296382372991175,24.36130768800931,50.15466430517556,51.1024651234528,18.754188668056557,38.983728871109804,40.33276670153267,12.498503679359601,30.766633895771633,32.42150110482396,1.2242709918127914,1.8762925411459064,4.008320845838412,0.1972881297435225,0.4710596020742834,0.6306531840431818,0.0,97.15099339391628,excellent_trajectory_model_for_reference_free_derivative_analysis,False,airborne,98.38342151872641,99.64078583844757,87.05620764344786,100.0,100.0,94.80648137796881,100.0,3.9117478918536066,6.556057865023653,20.826281044266956,0.6854950458317037,0.0011499427419487294,0.010587186370991587,0.22034583739282354,5.214355045513784e-05,1.5745444050075723,0.33597749972051577,0.00042276467537131525,5.51415956810991e-05,39.18538801114248,38.55867880947824,0.4913054094874774,0.0672153635116598,local_tuning_candidate:more_position_detail;base=steady_airborne_default,45000.0,0.45,0.03,3.5,5.0,0.025,0.2,,,,7.0,,,,,,,,,14,14,7,
bea_v_spline_balanced,comp_0001_seg_0005,comp_0001,descent,1766851074.0,1766851097.0,23.0,22,880,901,comp_0001_bnd_0004,comp_0001_bnd_0005,26.361130154662003,23.416488624450935,12.10690891730794,23.67909125049946,38.5719940428553,41.558785189211214,21.064591658412994,37.423180507314086,40.56934589084614,9.073713729240751,20.387456419070745,21.724123468297535,0.9988564964310993,2.121394036983857,2.61847525180201,0.10332430040721398,0.2125726653403442,0.2535756959566762,0.0,93.50597260726124,excellent_trajectory_model_for_reference_free_derivative_analysis,False,approach_final,99.1218515131213,100.0,93.4395183226259,100.0,100.0,46.61027494066528,100.0,2.6750991647453697,3.588363550353331,16.26741019277529,0.6649423813879667,0.0007246735767532699,0.005724685717686078,0.20769975712413322,4.827955445382661e-05,0.9575296703845501,0.20584774233979625,0.0002969221071417718,2.9816071445860164e-05,35.407818811317625,34.90670466701729,0.3224713494644275,0.06518786781349026,local_tuning_candidate:policy_base;base=steady_airborne_default,100000.0,1.0,0.03,5.0,7.0,0.025,0.2,,,,7.0,,,,,,,,,14,14,6,
bea_v_spline_balanced,comp_0001_seg_0006,comp_0001,level_accel,1766851097.0,1766851119.0,22.0,21,901,921,comp_0001_bnd_0005,comp_0001_bnd_0006,24.729512410153838,24.517196962563585,3.233548691888783,15.219913005089932,45.624204595232996,58.77601865344325,14.540153111148772,45.48137675427624,58.6943251699527,3.144178263318395,5.199520549477711,5.907909662151269,0.6459694309151949,1.1544497179114719,1.7830453744151193,0.09628617164755994,0.20586967179795235,0.261459247078376,0.0,88.72019176496728,excellent_trajectory_model_for_reference_free_derivative_analysis,False,airborne,100.0,100.0,89.74278108897919,100.0,100.0,3.61346790730604,100.0,2.6135263374990223,3.987695872919993,20.303426654680596,0.8025968374468355,0.0005605133065284353,0.005349267592330265,0.059650908439253615,1.2279594490321395e-05,0.7234722178834783,0.08975636334972631,0.0002501391867425848,2.7860768759621527e-05,35.25161084657887,35.0298737022693,0.16848270643974436,0.053254437869822494,local_tuning_candidate:very_smooth_velocity_light;base=steady_airborne_default,320000.0,3.2,0.009,8.0,12.6,0.025,0.2,,,,12.6,,,,,,,,,14,14,6,
bea_v_spline_balanced,comp_0001_seg_0007,comp_0001,energy_constant,1766851119.0,1766851223.0,104.0,102,921,1022,comp_0001_bnd_0006,comp_0001_bnd_0007,30.169331903718803,30.134253507521684,1.454425337087622,18.023180775730026,57.53598485739592,85.6279980516141,18.018276485679745,57.534720614936745,85.6279974895489,0.42662069279163006,3.240619371705614,6.099116691972313,0.25475067089609166,0.5696051470361776,1.3357705879413686,0.0857390397135645,0.1144394152741158,0.6924222571031036,0.0,88.63734222269818,excellent_trajectory_model_for_reference_free_derivative_analysis,False,airborne,96.6649471588911,100.0,88.67982107751638,100.0,100.0,8.487771912286211,100.0,1.5697200700080498,2.927496648014368,21.22806099960583,0.7866647549035096,0.0002721642854784705,0.0060006156646542335,0.026495545040553632,4.6645264995307784e-06,0.5701256550820842,0.10291698416317277,0.00013488106141311263,3.1254541695090845e-05,43.55439531235264,43.38908883623027,0.08978640153463734,0.075520074587728,local_tuning_candidate:more_position_detail;base=energy_constant_segment_smoothest_airborne_policy,67500.0,0.45,0.02,4.8999999999999995,7.0,0.025,0.2,,,,7.0,,,,,,,,,14,14,18,
bea_v_spline_balanced,comp_0001_seg_0008,comp_0001,level_accel__turn_left_slow,1766851223.0,1766851315.0,92.0,83,1022,1104,comp_0001_bnd_0007,comp_0001_bnd_0008,25.105060525590368,25.030247189399304,1.9366955442515823,21.67767082111248,42.45574734062191,50.420337265005685,21.675263999670534,42.45339679665291,50.42020597049437,0.3876257977063915,4.068062371142115,6.6387838979401295,2.7492703728849,4.213740491912496,4.243178777712417,0.16515535226987016,0.27329890595640116,0.3638937783206353,0.0,98.35665156705413,excellent_trajectory_model_for_reference_free_derivative_analysis,False,airborne,99.93221901574815,100.0,89.77990803227706,100.0,100.0,100.0,100.0,5.274549957766309,8.069714699958253,20.255604174741016,0.8208374528417075,0.001773673547394384,0.020176599467293926,2.6040458532991906,0.000493624860861282,4.222452466088468,0.9642235646926979,0.0009195841370601304,0.00010509065237567072,35.48653500862604,34.604616739014865,0.8044891580799871,0.07742911153119093,local_tuning_candidate:policy_base;base=turn_or_transition_more_knots_shared_boundary_velocity,18000.0,1.0,0.025,4.0,5.5,0.025,0.2,,,,7.0,,,,,,,,,14,14,16,
bea_v_spline_balanced,comp_0001_seg_0009,comp_0001,energy_constant,1766851315.0,1766851392.0,77.0,77,1104,1180,comp_0001_bnd_0008,comp_0001_bnd_0009,27.442639922259648,27.43931521789316,0.4271607143638007,22.904556991096783,47.39077241941615,70.69578630538052,22.904484989556536,47.39072718139012,70.69576144194914,0.09631831794331447,0.30939988675104363,3.4869519830805302,0.5516715364385003,1.415559333108875,1.7385543473782792,0.11496719059004121,0.26424111253195115,0.5026604066084704,0.0,86.99784647425484,excellent_trajectory_model_for_reference_free_derivative_analysis,False,airborne,98.42410327596153,100.0,82.36736122080836,100.0,100.0,0.08176285810102095,100.0,2.2196084650153582,5.501292882664825,26.7979133592368,0.6099554067722215,0.0006415427267331242,0.015662351107026892,0.05484007278104815,8.39533430971671e-06,0.6458717344213999,0.08022075971687276,0.00039417865297880337,8.158095092994223e-05,38.79994167569249,38.334710132250486,0.38662205789740905,0.07860948554458903,local_tuning_candidate:more_position_detail;base=energy_constant_segment_smoothest_airborne_policy,67500.0,0.45,0.02,4.8999999999999995,7.0,0.025,0.2,,,,7.0,,,,,,,,,14,14,15,
bea_v_spline_balanced,comp_0001_seg_0010,comp_0001,level_accel__turn_left_slow,1766851392.0,1766851445.0,53.0,51,1180,1230,comp_0001_bnd_0009,comp_0001_bnd_0010,86.80376478852314,86.77391523384655,2.2762285584850743,68.71492170258111,144.4363964004179,155.34244885249606,68.71366621425199,144.40994168392993,155.3254211509715,2.236374173828608,3.7523604651025835,4.326344189414613,1.6801147946372224,3.01233561398159,3.0410609008298404,0.14988652334708502,0.27298897294585134,0.5172698711519829,0.0,92.0128460926384,excellent_trajectory_model_for_reference_free_derivative_analysis,False,airborne,60.12660336224314,100.0,79.98533555730752,100.0,100.0,100.0,100.0,8.320670394494226,14.224812495974737,28.91737968933441,2.681119574942925,0.0010295913625442432,0.013025987043043287,1.4736546683476035,0.0002240548510575554,3.029046713372689,0.7166572474806864,0.000652818122381821,6.784368251573438e-05,119.2052590342414,118.79789304565664,0.30150798460927464,0.06096631611034903,local_tuning_candidate:energy_change_sparse_low_velocity;base=turn_or_transition_more_knots_shared_boundary_velocity,25200.0,1.4,0.00625,5.0,7.975,0.025,0.2,,,,7.975,,,,,,,,,14,14,10,
bea_v_spline_balanced,comp_0001_seg_0011,comp_0001,energy_constant,1766851445.0,1766851506.0,61.0,53,1230,1282,comp_0001_bnd_0010,comp_0001_bnd_0011,44.597353870572924,44.516733613480206,2.6803732284044934,36.596815024368354,87.73632975380032,91.37333200816438,36.51312808015077,87.71404660782932,91.30131185566097,2.525468284210433,4.402515278377063,4.848228601756773,0.3399733379083755,0.731308969096502,0.7564152473300682,0.07496537236954978,0.10764122991260174,0.4287474401880264,0.0,85.18781309127678,excellent_trajectory_model_for_reference_free_derivative_analysis,False,airborne,87.35654588995294,100.0,78.3753115753521,100.0,100.0,1.6497773242608411,100.0,1.5542022021268072,2.82154282184019,30.37360981783482,0.3673598825257064,0.00025238642479241067,0.006309705274418422,0.025793959675219587,3.4348442680079555e-06,0.5787019579597447,0.08445439877550427,0.00016766458734879776,3.2864945005927585e-05,64.20152144657207,63.972086461496275,0.14780233201457346,0.08163265306122448,local_tuning_candidate:more_position_detail;base=energy_constant_segment_smoothest_airborne_policy,67500.0,0.45,0.02,4.8999999999999995,7.0,0.025,0.2,,,,7.0,,,,,,,,,14,14,12,
bea_v_spline_balanced,comp_0001_seg_0012,comp_0001,level_decel,1766851506.0,1766851571.0,65.0,64,1282,1345,comp_0001_bnd_0011,comp_0001_bnd_0012,31.44272534270572,31.381126686056444,1.9671972169827516,21.763738412196922,62.11748936881673,71.55275672250586,21.756026157777388,62.11505023657726,71.5410964446102,1.281595266274337,4.083627144084658,6.375373852448433,0.49201944208370646,0.8327920468216913,2.695100555556822,0.17203402199667864,0.4701601446530725,0.8518646794141514,0.0,87.0567387577836,excellent_trajectory_model_for_reference_free_derivative_analysis,False,airborne,95.84340300470598,100.0,77.86989007881927,100.0,100.0,10.963479846077906,100.0,1.855798886977595,3.3448083905349724,30.790365827956776,0.6154802302665395,0.0002242460408900329,0.005724623049369011,0.04734726424850086,6.9608079789364375e-06,0.4338423904047388,0.10960139558441034,0.00013460583279792748,2.981625176897676e-05,45.475623926632025,45.297278350919186,0.10723446460172996,0.07111111111111111,local_tuning_candidate:more_position_detail;base=steady_airborne_default,45000.0,0.45,0.03,3.5,5.0,0.025,0.2,,,,7.0,,,,,,,,,14,14,12,
bea_v_spline_balanced,comp_0001_seg_0013,comp_0001,energy_constant,1766851571.0,1766851621.0,50.0,50,1345,1394,comp_0001_bnd_0012,comp_0001_bnd_0013,29.87212122268675,29.63596488000139,3.748761392008926,16.82599085458182,58.66691326104344,81.50839217348722,16.721376834119773,58.39932056901358,81.30246597781792,2.3420714401075884,7.703630261349467,8.836141189999239,0.5197516041564036,0.878711273550386,2.0655931656449393,0.157340414182618,0.396897943397623,0.7120623584203258,0.0,87.06010541920251,excellent_trajectory_model_for_reference_free_derivative_analysis,False,airborne,96.85669598536337,100.0,82.64948994759109,100.0,100.0,2.133835093443292,100.0,2.811916199588568,4.38624781253201,26.589356773791767,0.613667358252589,0.0004400499528451352,0.0095581811919785,0.03986441556224874,6.233571381211694e-06,0.42733893359678476,0.08576135475229689,0.00024951297520106613,4.978921530947631e-05,43.662446524007926,43.23567171836518,0.3642748056427415,0.0625,local_tuning_candidate:position_detail_velocity_light;base=energy_constant_segment_smoothest_airborne_policy,82500.0,0.55,0.009000000000000001,5.25,8.0,0.025,0.2,,,,8.0,,,,,,,,,14,14,10,
bea_v_spline_balanced,comp_0001_seg_0014,comp_0001,level_decel__turn_left_slow,1766851621.0,1766851652.0,31.0,29,1394,1422,comp_0001_bnd_0013,comp_0001_bnd_0014,28.018500286205366,27.72923197055026,4.015725664372977,25.856954903333573,47.227584547004945,52.585627182027864,25.626264667544213,47.14551898494759,52.53403536663478,3.6805939697533177,6.1700243871307965,6.549127036021332,2.8587569248447857,4.955772697230667,5.010211426030389,0.3810168775784201,0.865749740028581,1.1724754433621656,0.0,98.31182312471488,excellent_trajectory_model_for_reference_free_derivative_analysis,False,airborne,98.05258046051266,100.0,90.90945918408337,100.0,100.0,100.0,100.0,5.35638420181561,7.987605872263553,19.27013868671527,1.719401942707959,0.0019624531699935226,0.02353953124281824,2.6196563445055707,0.0004226329465146953,4.974058890049477,0.7395184851707911,0.0011528873774573987,0.00012260172522792815,39.54676680622891,38.515729739246915,0.8798665102895515,0.0603262542320714,local_tuning_candidate:energy_change_sparse_low_velocity;base=turn_or_transition_more_knots_shared_boundary_velocity,25200.0,1.4,0.00625,5.0,7.975,0.025,0.2,,,,7.975,,,,,,,,,14,14,7,
bea_v_spline_balanced,comp_0001_seg_0015,comp_0001,level_decel__turn_left_slow,1766851652.0,1766851671.0,19.0,16,1422,1437,comp_0001_bnd_0014,comp_0001_bnd_0015,23.541141824330836,23.4132290037662,2.4507276491809096,20.213985659441953,38.79785137818615,44.9302617449448,20.074355939606527,38.76591437105708,44.91337648975674,1.108456896439634,5.031368303724179,5.6329080997296614,3.072401513776922,4.65132799087918,4.678974570274925,0.30983324014917796,0.5941810040497207,0.7688373108104509,0.0,98.54178213480017,excellent_trajectory_model_for_reference_free_derivative_analysis,False,airborne,100.0,100.0,90.886138342501,100.0,100.0,100.0,100.0,6.708062297774063,11.218349688138057,19.308891746561414,1.6226785578296112,0.0020882719957320195,0.018593323945273778,2.451096537721466,0.00039836402304134787,4.606248310533783,0.667473016729756,0.0011822808797426582,9.684022887822802e-05,33.415238824783984,32.19931733486696,1.0100785967113681,0.07111111111111111,local_tuning_candidate:balanced_low_velocity;base=turn_or_transition_more_knots_shared_boundary_velocity,18000.0,1.0,0.008749999999999999,4.0,5.5,0.025,0.2,,,,7.0,,,,,,,,,14,14,6,
bea_v_spline_balanced,comp_0001_seg_0016,comp_0001,level_decel__turn_left_slow,1766851671.0,1766851690.0,19.0,19,1437,1455,comp_0001_bnd_0015,comp_0001_bnd_0016,20.47785998187644,19.145820695939108,7.265005114677221,13.573090442056218,34.796101312698106,49.883160853546855,11.734917197085924,34.02699878933698,49.243783086925674,6.911948148180045,11.03872367938885,11.786702376378912,3.146234387459512,7.448477162818309,10.599080194166884,0.5441233066230251,1.1457658052139406,1.4251947334619737,0.0,88.10422697673624,excellent_trajectory_model_for_reference_free_derivative_analysis,False,airborne,100.0,100.0,80.80077799725419,100.0,100.0,11.76102497175562,100.0,2.176626849492436,3.5343428530207057,28.232156653903203,0.6420024672937822,0.00155595362867907,0.02593043644911083,0.4974894523904346,8.238534094432044e-05,1.6129319320447624,0.11175476742374017,0.0008009746260109099,0.00013505435650693748,29.7038994027347,28.434743461486995,1.0761433388203723,0.06518786781349026,local_tuning_candidate:short_transition_strong_derivative_guard;base=turn_or_transition_more_knots_shared_boundary_velocity,43200.0,2.4,0.00375,6.4,9.9,0.025,0.2,,,,9.9,,,,,,,,,14,14,6,
bea_v_spline_balanced,comp_0001_seg_0017,comp_0001,level_decel__turn_left_slow,1766851690.0,1766851739.0,49.0,45,1455,1499,comp_0001_bnd_0016,comp_0001_bnd_0017,35.631409734581,35.52891470654959,2.7006627794520304,23.22552013196133,63.96479082071768,76.0764040856766,23.19767521629527,63.92855010492006,76.06360114928117,1.3592192734246282,6.036333588813225,7.175925812619084,2.215951999591747,3.7367098399579377,4.026604702180677,0.368706026395317,0.7290646691998791,1.804614605030037,0.0,97.89674062172269,excellent_trajectory_model_for_reference_free_derivative_analysis,False,airborne,93.14102597768968,100.0,91.99885940249939,100.0,100.0,100.0,100.0,6.014831411270115,10.745451127583163,18.270318610928044,1.8438057309863827,0.0019277813100755125,0.028267834070581078,2.2568057217190938,0.00047796252747324094,3.3875640130666453,0.8501814299513584,0.0008946000129029949,0.00014723766178659928,50.61644773062439,49.94589598043807,0.5328900897415346,0.07304601899196494,local_tuning_candidate:policy_base;base=turn_or_transition_more_knots_shared_boundary_velocity,18000.0,1.0,0.025,4.0,5.5,0.025,0.2,,,,7.0,,,,,,,,,14,14,10,
bea_v_spline_balanced,comp_0001_seg_0018,comp_0001,level_decel__turn_left_medium,1766851739.0,1766851754.0,15.0,14,1499,1512,comp_0001_bnd_0017,comp_0001_bnd_0018,27.508596462115975,27.340759058241023,3.0341017508895276,27.793489565585283,38.96024651492003,39.30931932400037,27.748980887348964,38.754737002264406,39.14309673723962,1.8727770510785149,5.541112251384202,7.032138845916961,3.5325227197103803,7.29427686800306,11.410013214440372,0.7034799596656978,1.5579690332538387,1.9177673521715708,0.0,98.30474486726693,excellent_trajectory_model_for_reference_free_derivative_analysis,False,airborne,98.3815506696026,100.0,90.61849241821633,100.0,100.0,100.0,100.0,7.5136775358785615,12.77539669683704,19.47851508243192,4.592764624795173,0.0028045569398912687,0.03603579945867934,2.480744972916704,0.0006313672240376773,3.371044134786777,0.4846709473297262,0.0009910101821443452,0.00018768645550350195,37.68813200543181,36.08683215157998,1.3671619345695873,0.07438016528925619,local_tuning_candidate:position_detail_velocity_light;base=turn_or_transition_more_knots_shared_boundary_velocity,9900.0,0.55,0.011250000000000001,3.0,5.0,0.025,0.2,,,,7.0,,,,,,,,,14,14,6,
bea_v_spline_balanced,comp_0001_seg_0019,comp_0001,level_decel__turn_left_slow,1766851754.0,1766851790.0,36.0,37,1512,1548,comp_0001_bnd_0018,comp_0001_bnd_0019,15.103088422478407,14.840176178955893,2.805788815066356,13.099822224172442,23.755814548917197,31.203748912256433,12.975504392089842,22.976794652424957,30.545186679720768,1.1232135558556138,6.908978231663467,7.344320103461655,1.240209096572042,3.032568858805339,3.181853220659401,0.27462877336768593,0.6381689928926716,1.3130349206878642,0.0,97.57578107293969,excellent_trajectory_model_for_reference_free_derivative_analysis,False,airborne,100.0,100.0,99.52297186974153,100.0,100.0,76.52105573781031,100.0,1.7988676209274335,2.8075529400435992,11.119817282293079,1.364151100380412,0.0014728892797059461,0.017338184329757735,0.7993123283580582,0.00020442614185418894,0.9942263432910464,0.28660685049208784,0.0005083753664796249,9.030304338863374e-05,20.815186912823922,20.478326310506976,0.1697653964687713,0.07217643127645355,local_tuning_candidate:balanced_low_velocity;base=turn_or_transition_more_knots_shared_boundary_velocity,18000.0,1.0,0.008749999999999999,4.0,5.5,0.025,0.2,,,,7.0,,,,,,,,,14,14,9,
bea_v_spline_balanced,comp_0001_seg_0020,comp_0001,descent,1766851790.0,1766851992.0,202.0,202,1548,1749,comp_0001_bnd_0019,comp_0001_bnd_0020,14.618494496796954,14.520098613646548,1.6932565082888156,10.133124707305125,26.81434714699713,41.78332402301544,9.785862011624669,26.76637037726271,41.78330193389694,0.8577050606477599,3.7639126281726356,4.991920441336333,0.21506407777423822,0.4133579530909874,0.5462733698156996,0.04673546861626067,0.09101510241314131,0.1928705055114576,0.0,93.02569955211749,excellent_trajectory_model_for_reference_free_derivative_analysis,False,approach_final,100.0,100.0,97.55958458193383,100.0,100.0,34.1616601900806,100.0,1.5671428818037105,3.2853133454806716,13.392635731780635,0.9081551586972382,0.0006702533941306205,0.014499442091280816,0.12772316345882262,3.4650097246917864e-05,0.33830619165946885,0.17223648251321763,0.00021893419974274313,7.552638816205021e-05,20.913371933633282,20.817030406656688,0.015456079623677193,0.08088544735291643,local_tuning_candidate:more_position_detail;base=steady_airborne_default,45000.0,0.45,0.03,3.5,5.0,0.025,0.2,,,,7.0,,,,,,,,,14,14,31,
bea_v_spline_balanced,comp_0001_seg_0021,comp_0001,climb,1766851992.0,1766852025.0,33.0,32,1749,1780,comp_0001_bnd_0020,comp_0001_bnd_0021,33.51462747854823,31.65283538453146,11.01491112744962,28.969326029965845,54.46604078136566,56.90776441791725,26.285698965576955,53.65822739213546,56.837795299202774,8.686053197189437,19.139818411994977,24.005193090827106,1.715492002068543,3.232073109303046,4.279810418263292,0.3025832366646402,0.6048089739391553,0.738066467975598,0.0,97.73255492891597,excellent_trajectory_model_for_reference_free_derivative_analysis,False,airborne,94.50669194932372,99.54607911483261,90.45911033954525,100.0,100.0,100.0,100.0,6.8600320476028545,11.442685276722399,17.856191402882004,1.4693060431217775,0.003312746261600831,0.025532750992748963,0.33955821505474815,9.547522753934148e-05,2.950890358324053,0.39810075810174284,0.0011628465458756155,0.00013298307810085465,46.745613423084514,45.54599092317971,0.969199083464699,0.09467455621301776,local_tuning_candidate:more_position_detail;base=steady_airborne_default,45000.0,0.45,0.03,3.5,5.0,0.025,0.2,,,,7.0,,,,,,,,,14,14,6,
bea_v_spline_balanced,comp_0001_seg_0022,comp_0001,climb,1766852025.0,1766852040.0,15.0,8,1780,1787,comp_0001_bnd_0021,comp_0001_bnd_0022,19.94796549230414,19.72098462615616,3.000682031983576,15.657893751691825,31.24145012477399,31.993912382908746,15.203499114694868,30.941526069770468,31.533024407092547,1.6515958891382638,5.386208685392643,5.410988939828599,1.9783043059392964,4.945299573892666,6.684337558387398,0.3183538955655769,0.732194241720286,0.8912312366198819,0.0,93.07148201648367,excellent_trajectory_model_for_reference_free_derivative_analysis,False,airborne,100.0,100.0,100.0,100.0,100.0,30.71482016483662,100.0,2.516003587189827,3.639611193373141,7.9922686282627025,1.7648169249829553,0.0015418508045668216,0.014627254041816713,0.43408478381923427,0.00012471815904615866,0.8086763003232533,0.16293001444505886,0.0005021080956784305,7.618361480792195e-05,28.763039376949948,26.83613376491711,1.282784897453881,0.21301775147928997,local_tuning_candidate:policy_base;base=steady_airborne_default,100000.0,1.0,0.03,5.0,7.0,0.025,0.2,,,,7.0,,,,,,,,,14,14,6,
bea_v_spline_balanced,comp_0001_seg_0023,comp_0001,climb,1766852040.0,1766852077.0,37.0,13,1787,1799,comp_0001_bnd_0022,comp_0001_bnd_0023,49.1886914307068,49.06206911887757,3.5271430988505097,46.841332121044594,76.31856393222662,76.4389329922534,46.84000830884668,76.0497485909056,76.22426895816633,2.191538378265932,6.159464082788098,6.811726978425668,0.7028024571729978,1.1839952785422883,1.7901604331652594,0.08759382834728613,0.17451032116625706,0.202736333291302,0.0,96.39939691002094,excellent_trajectory_model_for_reference_free_derivative_analysis,False,airborne,84.39439262535045,100.0,93.10786374117015,100.0,100.0,93.74811596391655,100.0,2.54250647243941,3.8200962655622352,17.368991677138656,2.153726080503649,0.000588610926781231,0.004489607460125681,0.2761960255091911,7.823796920000082e-05,0.8219462665035043,0.33311991310257466,0.00019870732560689025,2.338337218963913e-05,66.44151018071244,65.9811828769972,0.16035981764804924,0.1322314049586777,local_tuning_candidate:more_position_detail;base=steady_airborne_default,45000.0,0.45,0.03,3.5,5.0,0.025,0.2,,,,7.0,,,,,,,,,14,14,6,
bea_v_spline_balanced,comp_0001_seg_0024,comp_0001,energy_constant,1766852077.0,1766852161.0,84.0,75,1799,1873,comp_0001_bnd_0023,comp_0001_bnd_0024,25.991826553584538,25.72661653478535,3.7035454990767196,17.778057604970662,51.01568128125354,73.57607431270618,17.02600035019343,50.83456068271877,73.51420345665437,2.982829473356446,6.9129092076896645,7.851655552585498,0.5385961532774954,1.1337178798331387,1.619910584245978,0.10305834716785732,0.1840378238560006,0.580973133407427,0.0,92.10894379686955,excellent_trajectory_model_for_reference_free_derivative_analysis,False,airborne,99.36011190091321,100.0,85.23888334932367,100.0,100.0,45.47509032868158,100.0,1.88816062896232,3.0350451254677324,24.265238832991745,1.0087442586582331,0.00040244929940840403,0.005433028746213314,0.20502385034665405,4.079706264813992e-05,0.6390521233822916,0.20278274388744025,0.0001929517903227903,2.829937914474203e-05,38.08656924951612,37.66648429608937,0.36530903672235077,0.05477591670439113,local_tuning_candidate:position_detail_velocity_light;base=energy_constant_segment_smoothest_airborne_policy,82500.0,0.55,0.009000000000000001,5.25,8.0,0.025,0.2,,,,8.0,,,,,,,,,14,14,11,
bea_v_spline_balanced,comp_0001_seg_0025,comp_0001,level_accel__turn_right_slow,1766852161.0,1766852189.0,28.0,26,1873,1898,comp_0001_bnd_0024,comp_0001_bnd_0025,22.01481946705472,21.83468352688255,2.810493096930732,15.759103486763777,35.360254221697474,40.416079016824156,15.410022970909289,35.32893666780285,40.3486417951119,2.391140936811553,4.586278327122756,4.663221104985723,3.0384819712788698,5.714127098110984,5.791951928183806,0.3857983348044488,0.9316014890891258,1.3422251894365083,0.0,99.20171731833764,excellent_trajectory_model_for_reference_free_derivative_analysis,False,airborne,100.0,100.0,95.01073323961016,100.0,100.0,100.0,100.0,6.1297808723915725,10.00132392290071,15.595512123261408,1.1176851606276463,0.0024162211782006856,0.02649857424103334,2.6381784586335773,0.0004210484969075397,5.04058529544214,0.6611942228314356,0.0013751851462632495,0.0001380134074945078,31.069535330578265,29.895191891730697,0.9926614971777524,0.06977572089711641,local_tuning_candidate:balanced_low_velocity;base=turn_or_transition_more_knots_shared_boundary_velocity,18000.0,1.0,0.008749999999999999,4.0,5.5,0.025,0.2,,,,7.0,,,,,,,,,14,14,7,
bea_v_spline_balanced,comp_0001_seg_0026,comp_0001,climb__turn_right_slow,1766852189.0,1766852240.0,51.0,49,1898,1946,comp_0001_bnd_0025,comp_0001_bnd_0026,33.86444448137346,33.63228373557184,3.958546546652638,27.151019666188652,63.023023032646215,72.13609460013309,27.063279982423186,63.006491322649474,71.9621457882656,2.835090282896772,6.947566956806188,12.496994770079027,3.237766060482188,5.209127185891237,5.272126091875812,0.2956644696898024,0.6070207713464598,0.956442995609946,0.0,95.90169052135532,excellent_trajectory_model_for_reference_free_derivative_analysis,False,airborne,94.28100356040423,100.0,78.6748130881675,100.0,100.0,100.0,100.0,6.162846333886738,9.613777599628504,30.10744783095473,0.9511215218549869,0.0015396873914228608,0.02931137742962421,2.576427041808373,0.00040048543461368907,5.246792295553378,0.8345423972108198,0.0010510892332161754,0.00015267728400797368,49.1451195347139,47.91177097990536,1.1200715105539876,0.0625,local_tuning_candidate:energy_change_sparse_low_velocity;base=turn_or_transition_more_knots_shared_boundary_velocity,25200.0,1.4,0.00625,5.0,7.975,0.025,0.2,,,,7.975,,,,,,,,,14,14,10,
bea_v_spline_balanced,comp_0001_seg_0027,comp_0001,climb,1766852240.0,1766852266.0,26.0,27,1946,1972,comp_0001_bnd_0026,comp_0001_bnd_0027,25.50099661301474,25.4248495854456,1.969226196874238,12.531717016845581,54.15251303153507,58.579726458932,12.512178179854516,54.05607019202838,58.567035366513636,1.331050899169668,3.954076829333644,4.039556680344731,0.529812804482239,0.9778494034851976,1.0372400372327277,0.14266546817091572,0.2854663008070481,0.5511014836672462,0.0,86.32493731501178,excellent_trajectory_model_for_reference_free_derivative_analysis,False,airborne,99.67677637870017,100.0,77.27327593479839,100.0,100.0,0.0,100.0,2.4494026631703134,4.4314897587601205,31.34802967879382,0.42494927522928866,0.0006040234488906912,0.018901817485854885,0.060326656004906734,7.353757733291425e-06,0.7245321742917685,0.07936546503299305,0.0004441583987747475,9.845525748241014e-05,37.79351621779894,37.5030937485004,0.09593054523639524,0.07354208560758403,local_tuning_candidate:balanced_low_velocity;base=steady_airborne_default,100000.0,1.0,0.010499999999999999,5.0,7.0,0.025,0.2,,,,7.0,,,,,,,,,14,14,8,
bea_v_spline_balanced,comp_0001_seg_0028,comp_0001,climb__turn_left_slow,1766852266.0,1766852384.0,118.0,111,1972,2082,comp_0001_bnd_0027,comp_0001_bnd_0028,38.6042074897081,38.542620798814575,2.179728851766278,33.85119253486508,64.28068790179177,75.56972932696812,33.82372092071606,64.25268887430168,75.27693592394823,1.3635025155897438,4.466749543036713,6.645818870012818,2.3946162082177826,4.1109947409721315,4.123676811984498,0.14609864857457527,0.2529296076218792,0.30121740964750865,0.0,96.47891637052804,excellent_trajectory_model_for_reference_free_derivative_analysis,False,airborne,91.22309194212382,100.0,84.57590835920729,100.0,100.0,100.0,100.0,6.0493803365515175,11.432267514039642,24.870201873419315,1.2997157063276326,0.0012839218352399793,0.020760827929753266,1.8650836661022778,0.0002673111982386016,4.111707367410414,0.951052014672664,0.0008204777958557225,0.00010812931215471181,53.66035891996373,52.97173965660581,0.6103758284711184,0.07824343488679154,local_tuning_candidate:policy_base;base=turn_or_transition_more_knots_shared_boundary_velocity,18000.0,1.0,0.025,4.0,5.5,0.025,0.2,,,,7.0,,,,,,,,,14,14,20,
bea_v_spline_balanced,comp_0001_seg_0029,comp_0001,climb,1766852384.0,1766852434.0,50.0,51,2082,2132,comp_0001_bnd_0028,comp_0001_bnd_0029,30.351837331041697,30.218886495269075,2.8377681998465665,20.852197595176424,58.94763659253586,78.2899417338368,20.80583304706647,58.67395770415732,78.24922043831852,1.9675862623780631,5.513095378793423,7.898379949297123,0.3893115044791295,0.7538698024951807,0.8140280290062396,0.0810259216864923,0.13215173990367965,0.3888893764654401,0.0,88.81078512648108,excellent_trajectory_model_for_reference_free_derivative_analysis,False,airborne,96.54720172190856,100.0,87.3689076598172,100.0,100.0,12.460956942813008,100.0,2.5909843483460575,4.1840453388252,22.42270759500136,0.715669504965509,0.0004197179121531825,0.0068614453112816,0.04661362445818969,7.245993255329606e-06,0.5479541731180305,0.11364458374559512,0.00023882871572581914,3.573782655739197e-05,43.886574496550175,43.7071634842256,0.05046986320188071,0.07025693133981711,local_tuning_candidate:more_position_detail;base=steady_airborne_default,45000.0,0.45,0.03,3.5,5.0,0.025,0.2,,,,7.0,,,,,,,,,14,14,11,
bea_v_spline_balanced,comp_0001_seg_0030,comp_0001,energy_constant,1766852434.0,1766852464.0,30.0,31,2132,2162,comp_0001_bnd_0029,comp_0001_bnd_0030,21.807342902326937,21.780214144280112,1.087417256148424,20.548077820311565,37.13319244434096,40.36235288494112,20.467840748386603,37.130266783136406,40.35957779492547,0.700362282889273,1.8547146307380444,1.8799136798238578,0.4393251909740549,0.8431011421951079,0.8857787628896588,0.11924044138015684,0.24800595876561943,0.45543068548747556,0.0,87.16004530825022,excellent_trajectory_model_for_reference_free_derivative_analysis,False,airborne,100.0,100.0,82.25028317656383,100.0,100.0,0.0,100.0,2.2109349527288154,4.315424731431907,26.899023627595888,0.5658434819746518,0.0006012095407084686,0.01333705507853599,0.05189442799045038,7.991626191674932e-06,0.5243126775446858,0.07162754554495274,0.00034285891240564206,6.946935618134418e-05,30.3624673097222,30.041228448893953,0.25464156634333385,0.06659729448491154,local_tuning_candidate:transition_flexible_low_velocity;base=energy_constant_segment_smoothest_airborne_policy,127500.0,0.85,0.006999999999999999,4.8999999999999995,7.5,0.025,0.2,,,,7.5,,,,,,,,,14,14,8,
bea_v_spline_balanced,comp_0001_seg_0031,comp_0001,level_accel__turn_left_slow,1766852464.0,1766852585.0,121.0,105,2162,2266,comp_0001_bnd_0030,comp_0001_bnd_0031,24.892876150187696,24.84972339219409,1.4651042147319564,20.563229355414855,41.58329056955153,58.248039100693624,20.21890131167185,41.58203522417926,58.1367643196847,0.29090876199688864,3.698270400333149,4.243359785238681,2.513417407996166,3.9953345986483275,4.250655772675201,0.17931500871314554,0.3583383037550259,0.6760134749843892,0.0,98.51500690930509,excellent_trajectory_model_for_reference_free_derivative_analysis,False,airborne,100.0,100.0,90.71879318315669,100.0,100.0,100.0,100.0,5.372960126211766,8.032393757041934,19.412072202559717,0.7590417870890314,0.0013318844494033997,0.026064931682793686,2.1415535730082893,0.00034398355473945903,4.086201394827447,0.9722695467924262,0.0008349673144214913,0.00013576835673617254,35.12462093919394,34.374495046111875,0.6731905209258487,0.07693537215621503,local_tuning_candidate:policy_base;base=turn_or_transition_more_knots_shared_boundary_velocity,18000.0,1.0,0.025,4.0,5.5,0.025,0.2,,,,7.0,,,,,,,,,14,14,19,
bea_v_spline_balanced,comp_0001_seg_0032,comp_0001,energy_constant,1766852585.0,1766852739.0,154.0,153,2266,2418,comp_0001_bnd_0031,comp_0001_bnd_0032,37.5096133072561,37.50860085146924,0.2755950381359583,28.357840349691877,72.39027603648738,95.32180348732446,28.35778373103572,72.3902309566079,95.3217666026166,0.049409757197736326,0.7292622580835093,1.1654027583786046,0.17161152392833984,0.40800605334478074,0.9098085066278642,0.06476496810641223,0.09224660603831142,0.6549312877092569,0.0,85.65280745891461,excellent_trajectory_model_for_reference_free_derivative_analysis,False,airborne,91.92928173725413,100.0,78.88308531527565,100.0,100.0,0.0,100.0,1.2890844184347832,2.2533981347271514,29.884154467238492,0.5792428351954448,0.00010640595876013587,0.0038764882770616826,0.017211529924552642,2.2165022990685362e-06,0.19681670023725223,0.04198690089968862,7.44127385453136e-05,2.0193633464547708e-05,54.01610796910429,53.89410458430007,0.042135709946004435,0.07986767485822305,local_tuning_candidate:more_position_detail;base=energy_constant_segment_smoothest_airborne_policy,67500.0,0.45,0.02,4.8999999999999995,7.0,0.025,0.2,,,,7.0,,,,,,,,,14,14,26,
bea_v_spline_balanced,comp_0001_seg_0033,comp_0001,descent__turn_right_slow,1766852739.0,1766852770.0,31.0,25,2418,2442,comp_0001_bnd_0032,comp_0001_bnd_0033,29.986678452688174,29.844773634627224,2.9138241749929255,27.135365987286555,45.5682694571063,51.560349408699295,25.96968472115123,45.52721132953989,51.55588519708793,1.43490729795667,7.129434015819505,8.155026294420622,2.4959179054722096,4.31740962716785,4.360459069681052,0.3142134055681629,0.7180744118213874,0.9568485877717688,0.0,97.0189808490587,excellent_trajectory_model_for_reference_free_derivative_analysis,False,approach_final,96.78278809503989,100.0,83.78153923533692,100.0,100.0,100.0,100.0,4.425558520526752,7.601000001152787,25.581769902210603,1.1912931346282298,0.0013212530924775067,0.01854048048547587,1.962258603129647,0.00027483734911490175,4.3498968897275505,0.5819610104803106,0.0009216421800989165,9.656500253695716e-05,40.981602781564575,40.13153933228342,0.6696576707195059,0.07248520710059171,local_tuning_candidate:balanced_low_velocity;base=turn_or_transition_more_knots_shared_boundary_velocity,18000.0,1.0,0.008749999999999999,4.0,5.5,0.025,0.2,,,,7.0,,,,,,,,,14,14,7,
bea_v_spline_balanced,comp_0001_seg_0034,comp_0001,level_decel__turn_right_slow,1766852770.0,1766852804.0,34.0,29,2442,2470,comp_0001_bnd_0033,comp_0001_bnd_0034,26.42278197598476,26.346161762006844,2.0107629797152593,16.09732848818794,63.81933212610437,68.74632067329654,16.00517817189486,63.73507559494784,68.74605029000395,1.3465443303293796,4.18422836180707,5.93782511738209,2.2174641792161456,4.137446793332638,4.189215044978822,0.24081361797291545,0.5548723346622559,0.7903848515616518,0.0,97.62992441431632,excellent_trajectory_model_for_reference_free_derivative_analysis,False,airborne,99.08207614452597,100.0,85.87547048108243,100.0,100.0,100.0,100.0,3.962780390199998,7.293867070490562,23.692599509307335,0.8014398568446699,0.0013998229074312749,0.01596842519641299,1.846079398298296,0.000262745770748387,3.9753276332333543,0.5079702048037873,0.0008632434524063948,8.316888121734203e-05,41.24837740855837,40.56157481467156,0.5268456264860165,0.0672153635116598,local_tuning_candidate:policy_base;base=turn_or_transition_more_knots_shared_boundary_velocity,18000.0,1.0,0.025,4.0,5.5,0.025,0.2,,,,7.0,,,,,,,,,14,14,7,
bea_v_spline_balanced,comp_0001_seg_0035,comp_0001,level_decel__turn_left_slow,1766852804.0,1766852947.0,143.0,132,2470,2601,comp_0001_bnd_0034,comp_0001_bnd_0035,24.416226341752715,24.404980370501995,0.7409736075673183,18.428053392505277,44.82209308600038,61.79447883794644,18.426700346732,44.82206563462834,61.79440491265267,0.04926618982631226,1.784301226104474,4.273653190103687,3.38973779398225,4.744774580794856,4.858852883483618,0.20669395497522056,0.31784000279221436,0.9834752631862693,0.0,97.46759116369724,excellent_trajectory_model_for_reference_free_derivative_analysis,False,airborne,100.0,100.0,84.17244477310767,100.0,100.0,100.0,100.0,6.395015443862011,9.64356266791734,25.198593083357324,0.8144100016080432,0.0013931498783575232,0.02814195688766514,1.869019389428002,0.00023490430340780284,4.751316821908253,0.9765709630261326,0.0009340253202267876,0.00014658277957678377,35.90852453624289,34.61653453571172,1.223083750531174,0.06890625,local_tuning_candidate:smoother;base=turn_or_transition_more_knots_shared_boundary_velocity,32400.0,1.8,0.017499999999999998,5.0,7.425000000000001,0.025,0.2,,,,7.425000000000001,,,,,,,,,14,14,21,
bea_v_spline_balanced,comp_0001_seg_0036,comp_0001,level_decel__turn_left_slow,1766852947.0,1766852996.0,49.0,35,2601,2635,comp_0001_bnd_0035,comp_0001_bnd_0036,30.011180654280828,29.88789395146874,2.7174913817044617,21.339981341100458,51.34616417297537,53.95753012197996,21.339967741033195,51.33778648076546,53.95297054260525,1.3693157294910634,6.238295795621113,7.649065644859093,2.051908907549336,3.426942317681703,3.4985385840144136,0.19834561503772452,0.4552409964681226,0.858433522369587,0.0,96.87189215217167,excellent_trajectory_model_for_reference_free_derivative_analysis,False,airborne,96.76698022304464,100.0,82.87409078378938,100.0,100.0,100.0,100.0,4.47401590057944,8.163530840582379,26.36296988530709,0.7952617964339722,0.0011322269754580805,0.01598379519065168,1.569050775072404,0.00025088120567872947,3.0061036019229155,0.7273171534313162,0.0006064925790069992,8.324893329101272e-05,41.962543982762206,41.3595640913155,0.45022009997015405,0.08163265306122448,local_tuning_candidate:balanced_low_velocity;base=turn_or_transition_more_knots_shared_boundary_velocity,18000.0,1.0,0.008749999999999999,4.0,5.5,0.025,0.2,,,,7.0,,,,,,,,,14,14,9,
bea_v_spline_balanced,comp_0001_seg_0037,comp_0001,energy_constant,1766852996.0,1766853063.0,67.0,64,2635,2698,comp_0001_bnd_0036,comp_0001_bnd_0037,25.004025181973514,25.00377950999781,0.11084004772374272,17.596269138629566,51.06432340882569,62.082540859523284,17.596203471089503,51.06401581342333,62.08193703843082,0.04301191449258113,0.27336083258905997,0.3040914870348388,0.1956539686762323,0.42203589299217137,0.44773588146343907,0.03552459724188161,0.07791723404101815,0.12205792786430547,0.0,87.6795821852552,excellent_trajectory_model_for_reference_free_derivative_analysis,False,airborne,99.99740310840419,100.0,85.15839612619983,100.0,100.0,0.5455043205471086,100.0,1.6450718767763555,3.1572623159814936,24.320381511161166,0.8688824450939394,0.0003015097421905598,0.005182998710429864,0.024338407005062238,4.4035049420675236e-06,0.42733427936135177,0.0814728616654772,0.0001501573771409483,2.6995585776334077e-05,36.586389361492756,36.458540680929126,0.04798100570541271,0.07986767485822305,local_tuning_candidate:more_position_detail;base=energy_constant_segment_smoothest_airborne_policy,67500.0,0.45,0.02,4.8999999999999995,7.0,0.025,0.2,,,,7.0,,,,,,,,,14,14,13,
bea_v_spline_balanced,comp_0001_seg_0038,comp_0001,level_accel__turn_left_slow,1766853063.0,1766853403.0,340.0,316,2698,3013,comp_0001_bnd_0037,comp_0001_bnd_0038,23.965102510983076,23.938803515958174,1.1224190778295113,17.92402188305634,41.174835980133516,72.52808558655941,17.923677791557225,41.17270667938151,72.4548548501752,0.2546754840141148,2.573919030832826,5.5799291210214506,3.0100815119404776,4.863911954871391,5.1224405230121715,0.15634017710108347,0.28848204388385973,0.5190439800359207,0.0,97.56347982567836,excellent_trajectory_model_for_reference_free_derivative_analysis,False,airborne,100.0,100.0,84.7717489104896,100.0,100.0,100.0,100.0,5.763262898751003,9.241631186422772,24.671989977937354,0.760646163312632,0.0012701257538820854,0.022098074503874538,2.382629394839779,0.00043465417742724973,4.929599613010473,0.9763798863878874,0.0008043342278289366,0.00011510562771850116,34.68457557115554,33.65063141874097,0.9636504036084204,0.07029374880615236,local_tuning_candidate:smoother;base=turn_or_transition_more_knots_shared_boundary_velocity,32400.0,1.8,0.017499999999999998,5.0,7.425000000000001,0.025,0.2,,,,7.425000000000001,,,,,,,,,14,14,46,
bea_v_spline_balanced,comp_0001_seg_0039,comp_0001,energy_constant,1766853403.0,1766853419.0,16.0,17,3013,3029,comp_0001_bnd_0038,comp_0001_bnd_0039,23.656668406495324,23.65070927084709,0.5309529929678108,12.44623571347323,51.7258234524128,54.706948940025796,12.418826822233934,51.72385207672408,54.698553402800925,0.29476396245809156,0.9591721733610029,0.9622871450155799,0.399841063217654,0.5955470977344581,1.0191763808926715,0.08404429492223407,0.18067702610734024,0.25103362215835573,0.0,86.84439073311005,excellent_trajectory_model_for_reference_free_derivative_analysis,False,airborne,100.0,100.0,80.27744208193769,100.0,100.0,0.0,100.0,0.8239825040484922,1.475403121606228,28.64807312768293,0.5737243240716496,0.000406202071515151,0.008388129464707227,0.04437030995139577,7.091049249596804e-06,0.23797668535195418,0.02550069229761754,0.00023182227084051838,4.368817430663346e-05,35.380894958326195,35.0959720757784,0.2032902294865691,0.08163265306122448,local_tuning_candidate:more_position_detail;base=energy_constant_segment_smoothest_airborne_policy,67500.0,0.45,0.02,4.8999999999999995,7.0,0.025,0.2,,,,7.0,,,,,,,,,14,14,7,
bea_v_spline_balanced,comp_0001_seg_0040,comp_0001,descent,1766853419.0,1766853472.0,53.0,54,3029,3082,comp_0001_bnd_0039,comp_0001_bnd_0040,23.01941927610287,22.852395703749593,2.767972978239403,15.485156779719928,37.49367824947368,72.71759857960599,15.17561114159787,37.331620666448615,72.71570189990375,1.8224727275287478,5.389987574104043,5.8369906654243096,0.26390377649548236,0.5025956710576833,0.5394463457363473,0.04538508051985153,0.07507831016159473,0.111227986994826,0.0,87.57521322341455,excellent_trajectory_model_for_reference_free_derivative_analysis,False,approach_final,100.0,100.0,84.84508264634086,100.0,100.0,0.0,100.0,1.0575227511090186,1.9054230327970947,24.6534285631362,0.47921811266239694,0.00036423129184729635,0.007962081435383156,0.10056217671439305,1.5922023761807457e-05,0.43582884523188853,0.05984344468491946,0.00020904642348716036,4.14713349943083e-05,32.13044095489763,31.972506897589728,0.02290440669968282,0.07787993510005409,local_tuning_candidate:more_position_detail;base=steady_airborne_default,45000.0,0.45,0.03,3.5,5.0,0.025,0.2,,,,7.0,,,,,,,,,14,14,12,
bea_v_spline_balanced,comp_0001_seg_0041,comp_0001,descent__turn_left_slow,1766853472.0,1766853547.0,75.0,61,3082,3142,comp_0001_bnd_0040,comp_0001_bnd_0041,41.56866247827672,41.444890156708105,3.2054297888567342,36.203390613963144,67.73215687653385,72.23702051326772,36.20284508192674,67.7122446701569,72.19852044912685,1.3393073624674798,6.932361418377013,9.245451352784585,2.606241162255052,4.246774232808467,4.262992320558102,0.13940413643642433,0.21431352534213435,0.22273801909660693,0.0,94.25348871743736,excellent_trajectory_model_for_reference_free_derivative_analysis,False,approach_final,89.31054033659566,100.0,72.10139923153669,100.0,100.0,100.0,100.0,6.240611230919249,9.364527307368462,35.93040419739832,0.9310489204320774,0.001293380665357008,0.015112419975699315,1.977063897061757,0.00028998732023416044,4.255204179214655,0.8903794644422266,0.0008403850397494727,7.871390401326819e-05,57.33953785789812,56.55983426384884,0.7225202292099602,0.057183364839319475,local_tuning_candidate:energy_change_sparse_low_velocity;base=turn_or_transition_more_knots_shared_boundary_velocity,25200.0,1.4,0.00625,5.0,7.975,0.025,0.2,,,,7.975,,,,,,,,,14,14,11,
bea_v_spline_balanced,comp_0001_seg_0042,comp_0001,descent,1766853547.0,1766853624.0,77.0,74,3142,3215,comp_0001_bnd_0041,comp_0001_bnd_0042,31.834365563084326,31.742529881754493,2.4163252078336748,19.02561723595241,64.18792161600186,77.85093917845896,18.862081495509067,64.18450008805348,77.79346441648369,1.7185563273210391,4.183417600590916,6.245483096783801,0.3065578758320497,0.5027183880111153,0.5456917704181199,0.03985676980166896,0.08901247790940153,0.1369014706385127,0.0,88.67379253499233,excellent_trajectory_model_for_reference_free_derivative_analysis,False,approach_final,95.5907318947843,100.0,74.84213400383089,100.0,100.0,32.28163267005259,100.0,1.580979662349755,2.4561908119277227,33.32795170202164,0.5541684048725656,0.00020414749352203136,0.00522581276247494,0.09039007011829944,1.110301101980342e-05,0.33085932909933186,0.16716040820914196,0.00014338573342941412,2.7219337578384932e-05,46.33637332275217,46.22896866985388,0.030549442624797654,0.07685521027350262,local_tuning_candidate:more_position_detail;base=steady_airborne_default,45000.0,0.45,0.03,3.5,5.0,0.025,0.2,,,,7.0,,,,,,,,,14,14,14,
bea_v_spline_balanced,comp_0001_seg_0043,comp_0001,descent__turn_left_slow,1766853624.0,1766853690.0,66.0,63,3215,3277,comp_0001_bnd_0042,comp_0001_bnd_0043,78.33378468890953,78.30833872442746,1.996474369675587,60.80841951468078,119.48347378321665,128.6482612663168,60.806316889117895,119.46769623332372,128.62409606893465,1.1142031687670624,3.8108062030517202,5.820940029160965,2.0287494332947897,3.6607562473541586,3.6880253636116667,0.13083784397929513,0.211816271906261,0.2236334993338787,0.0,92.88353662130578,excellent_trajectory_model_for_reference_free_derivative_analysis,False,approach_final,65.59110665231644,100.0,81.32877389392367,100.0,100.0,100.0,100.0,7.632255736215555,12.621610914001932,27.771241977578843,1.841173086948365,0.0012627193270781528,0.015493952945140221,1.8459008730859514,0.0002839100986029967,3.675884915664358,0.831337967236947,0.0007698493779061546,8.069767159226654e-05,105.33914065119474,104.8034446708792,0.4382649572919715,0.07490304709141275,local_tuning_candidate:policy_base;base=turn_or_transition_more_knots_shared_boundary_velocity,18000.0,1.0,0.025,4.0,5.5,0.025,0.2,,,,7.0,,,,,,,,,14,14,13,
bea_v_spline_balanced,comp_0001_seg_0044,comp_0001,descent,1766853690.0,1766853730.0,40.0,41,3277,3317,comp_0001_bnd_0043,comp_0001_bnd_0044,38.684949041122714,38.650629380629795,1.6291503292999965,32.91924201505204,59.44011210269879,96.39535534087001,32.91825744001713,59.36434206590127,96.38676980805099,1.0165985216165154,3.000302962046362,3.6354857990393157,0.31823648043764213,0.713678517286846,0.7473673730643795,0.0671242246753562,0.16158336886225555,0.28706298171568534,0.0,86.76954761121735,excellent_trajectory_model_for_reference_free_derivative_analysis,False,approach_final,91.17100061863052,100.0,86.43142210613546,100.0,100.0,0.0,100.0,1.6948092457631576,2.456606245572339,23.26417519819715,0.463997311735016,0.00023647459447544882,0.004448371638560423,0.09753912846438845,1.5126768864196044e-05,0.33623509539672713,0.040470816781491795,0.0001381194094205902,2.3169053844791616e-05,52.701950578422434,52.50087856847988,0.0337595248555084,0.0771604938271605,local_tuning_candidate:more_position_detail;base=steady_airborne_default,45000.0,0.45,0.03,3.5,5.0,0.025,0.2,,,,7.0,,,,,,,,,14,14,10,
bea_v_spline_balanced,comp_0001_seg_0045,comp_0001,descent__turn_left_slow,1766853730.0,1766853807.0,77.0,67,3317,3383,comp_0001_bnd_0044,comp_0001_bnd_0045,36.92469127433369,36.84869836053983,2.3677531203239583,36.04613407215655,56.06365194435593,65.21203573978255,36.04521169734907,55.95281509988872,65.07066324745706,1.5628509095071195,4.592333817330404,5.321991996808492,2.021210438002838,3.7376247043099453,3.828582701797271,0.17467797745577326,0.2771519848271302,0.4010291277192784,0.0,97.26950519837682,excellent_trajectory_model_for_reference_free_derivative_analysis,False,approach_final,92.30665079075246,100.0,88.70441939679073,100.0,100.0,100.0,100.0,6.1739026449714425,13.146374296111814,21.25134368535625,2.2946458715442306,0.0018656066962695885,0.02772488944749529,2.20367344753905,0.00046020912530526155,3.7810617905384873,0.9033663843570663,0.0009145620799617506,0.00014440516757618062,49.95783977627414,49.44166237800053,0.43618556070601205,0.07999183756759513,local_tuning_candidate:policy_base;base=turn_or_transition_more_knots_shared_boundary_velocity,18000.0,1.0,0.025,4.0,5.5,0.025,0.2,,,,7.0,,,,,,,,,14,14,14,
bea_v_spline_balanced,comp_0001_seg_0046,comp_0001,energy_constant__turn_left_slow,1766853807.0,1766853835.0,28.0,29,3383,3411,comp_0001_bnd_0045,comp_0001_bnd_0046,16.61499374823901,16.40936664292424,2.605897855271115,13.541594055034032,26.482159908718614,37.74440477413792,12.78590914666983,26.472747612308247,37.73429105841689,1.5447090939893542,5.000355448070627,5.24018297452551,2.4008079925981827,4.781409836477575,6.06302346643444,0.3575931582864145,0.7907481985802867,1.0793416714048036,0.0,93.34774092403963,excellent_trajectory_model_for_reference_free_derivative_analysis,False,airborne,100.0,100.0,93.75367097626278,100.0,100.0,43.47153567837566,100.0,2.3962758755531066,3.576495658636076,16.74733639233853,1.1747819037994307,0.0019938487300399568,0.02218203064614352,1.2940694774510375,0.0002873919932655046,1.9179740739497337,0.19737314633161426,0.0008457168753919612,0.00011553140959663042,23.435816891475692,22.66631382546549,0.6227592720677154,0.056305659293306526,local_tuning_candidate:short_transition_sparse_low_velocity;base=turn_or_transition_more_knots_shared_boundary_velocity,28800.0,1.6,0.005000000000000001,5.4,8.25,0.025,0.2,,,,8.25,,,,,,,,,14,14,7,
bea_v_spline_balanced,comp_0001_seg_0047,comp_0001,level_decel,1766853835.0,1766853953.0,118.0,119,3411,3529,comp_0001_bnd_0046,comp_0001_bnd_0047,16.881663955962622,16.79603128481097,1.6982081738405268,12.340081529494691,31.24104701178743,40.66728939379907,12.3400456920109,31.212812198705098,40.65656843094308,0.6668258424267606,3.6851117236612354,5.53522773051543,0.37145838564579603,0.8932255641890725,2.3326509658813332,0.13075957551276726,0.18635289721226725,1.1283755543743725,0.0,94.04665078229053,excellent_trajectory_model_for_reference_free_derivative_analysis,False,airborne,100.0,100.0,92.62493829966154,100.0,100.0,52.266606543446734,100.0,1.579120505562543,3.253974671344244,17.728897406262973,1.056976657589328,0.00045784478292675473,0.008109537220379725,0.13073773067613445,3.0162413467062437e-05,0.31917987580073226,0.22111983766730617,0.00017338604728154165,4.223897220026774e-05,24.081794968238764,23.94321914619609,0.06121079419301852,0.07736502784965571,local_tuning_candidate:more_position_detail;base=steady_airborne_default,45000.0,0.45,0.03,3.5,5.0,0.025,0.2,,,,7.0,,,,,,,,,14,14,21,
bea_v_spline_balanced,comp_0001_seg_0048,comp_0001,descent,1766853953.0,1766854176.0,223.0,199,3529,3727,comp_0001_bnd_0047,,15.975625981914822,15.86183870266384,1.9033387729743336,10.50869461641555,29.505239090416318,58.40193063825434,10.348926982265658,29.274567939296578,58.348457361514356,1.0761403101482472,3.7227893648689747,6.080689336060232,0.18080784296782484,0.36508094836198624,0.46984414925867823,0.0257831534425982,0.051548172133484116,0.12179852148992575,0.0,92.92438025239561,excellent_trajectory_model_for_reference_free_derivative_analysis,False,approach_final,100.0,100.0,96.19857612192789,100.0,100.0,35.326080728871226,100.0,1.9968044403868743,3.3902811375669635,14.646943065464653,1.0436373301678166,0.00034959016339010537,0.006066415862007642,0.05549884803633609,1.4273414270040913e-05,0.3154300097208708,0.1753804179679523,0.0001182644891152837,3.1597531922599096e-05,23.133253051508838,23.044712412763175,0.010660703645610201,0.07787993510005409,local_tuning_candidate:more_position_detail;base=steady_airborne_default,45000.0,0.45,0.03,3.5,5.0,0.025,0.2,,,,7.0,,,,,,,,,14,14,30,
bea_v_spline_accurate,comp_0001_seg_0001,comp_0001,descent,1766850172.0,1766850398.0,226.0,227,0,226,,comp_0001_bnd_0001,28.491584996812005,28.45012607135643,1.536470681297918,19.133204661085518,56.56105624572923,111.48335447188295,19.113738587401066,56.52807302966914,111.46540337600742,1.1244063557637674,3.18735197033452,4.69686803197601,0.16020799917581893,0.4491679633252313,0.5123613484132554,0.033771785274458864,0.07399132877346927,0.31438064195053667,0.0,90.69870948283344,excellent_trajectory_model_for_reference_free_derivative_analysis,False,approach_final,97.74736451818579,100.0,79.88743913977936,100.0,100.0,41.87035478286435,100.0,1.3726251356109382,3.351014421148691,29.024833634962178,0.5590100371737085,0.0001568628402354199,0.004782132412319284,0.017171520272751352,2.4851359251590325e-06,0.21015717013271676,0.19304995791373372,9.784358147576092e-05,2.4909199521256713e-05,35.80984547234922,35.72844383508619,0.003849962851872627,0.07755167441115204,local_tuning_candidate:policy_base;base=steady_airborne_default,15000.0,1.0,0.035,5.0,7.0,0.02,0.18,,,,7.0,,,,,,,,,8,8,33,
bea_v_spline_accurate,comp_0001_seg_0002,comp_0001,descent,1766850398.0,1766850763.0,365.0,366,226,591,comp_0001_bnd_0001,comp_0001_bnd_0002,19.94327994726021,19.880658108812533,1.5791922667292813,15.59955772577726,35.830993301716724,52.26012807247493,15.466234206044785,35.80685740406679,52.04806542040667,1.0910706526274225,3.198373572927551,4.703176814085282,0.25125483427171,0.52207103819797,0.9099185978679063,0.04534239490979792,0.09015868741013974,0.30887151487006886,0.0,98.00006657255824,excellent_trajectory_model_for_reference_free_derivative_analysis,False,approach_final,100.0,100.0,87.5004160784889,100.0,100.0,100.0,100.0,0.9020251995731108,1.668032060474842,22.286777340683493,0.6610829512556207,0.00035019607730628067,0.009545591744006557,0.11683918390148346,2.4573004151975655e-05,0.4392762242652056,0.4551643385432817,0.0001864099560653092,4.972674579127595e-05,24.02205735326292,23.931478993695094,0.009368125736047313,0.08121023383178072,local_tuning_candidate:policy_base;base=steady_airborne_default,15000.0,1.0,0.035,5.0,7.0,0.02,0.18,,,,7.0,,,,,,,,,8,8,55,
bea_v_spline_accurate,comp_0001_seg_0003,comp_0001,descent,1766850763.0,1766851029.0,266.0,265,591,855,comp_0001_bnd_0002,comp_0001_bnd_0003,13.115343865251388,12.982751880932291,1.8602145849165586,9.009105107073106,26.209968486519394,37.260490048755386,8.764282679229986,26.195491145671298,36.93912906341364,1.174426938778538,3.4849204229171376,6.608403769496704,0.5956216888338034,1.0221659100721208,6.069119011440251,0.19971604880908786,0.2743729073221689,2.6663214146256435,0.0,97.08310015359359,excellent_trajectory_model_for_reference_free_derivative_analysis,False,approach_final,100.0,100.0,95.7898609816703,100.0,100.0,77.56722396526324,100.0,1.4283248124193024,2.3076884539411915,14.975538861528856,1.1495511536318435,0.0014156290685296304,0.028736911114800544,0.0885407358114754,2.3862117175408136e-05,0.579757277401678,0.2894315047062107,0.00047566157497515174,0.000149684065154326,16.37526877783668,16.237165259000818,0.056470865774637814,0.08163265306122448,local_tuning_candidate:policy_base;base=steady_airborne_default,15000.0,1.0,0.035,5.0,7.0,0.02,0.18,,,,7.0,,,,,,,,,8,8,40,
bea_v_spline_accurate,comp_0001_seg_0004,comp_0001,climb,1766851029.0,1766851074.0,45.0,26,855,880,comp_0001_bnd_0003,comp_0001_bnd_0004,20.521728138718643,19.624459397303124,6.00182631896972,17.7258712030317,33.31989208700127,35.16092003378641,16.637515845121165,32.253628273324864,33.11920479437901,4.816445250315084,10.40835272652901,11.807140695795283,1.4055964207896532,2.2044872176805157,4.89475582534246,0.38142438465192613,0.9106330885058198,1.3909875680762231,0.0,95.15656835084123,excellent_trajectory_model_for_reference_free_derivative_analysis,False,airborne,100.0,100.0,87.8052577463188,100.0,100.0,71.07727111430209,100.0,2.247668889756131,3.3423676587169333,20.71244152805673,0.5288622428506864,0.0016959109489295345,0.02880524199353313,0.34339360734655117,8.105866253868446e-05,2.1481473021499706,0.27190863200861565,0.0006209499052890064,0.00015003136030743896,24.303614163106822,23.70558621327543,0.30414140269464107,0.14512471655328796,local_tuning_candidate:more_position_detail;base=steady_airborne_default,6750.0,0.45,0.035,3.5,5.0,0.02,0.18,,,,5.0,,,,,,,,,11,11,8,
bea_v_spline_accurate,comp_0001_seg_0005,comp_0001,descent,1766851074.0,1766851097.0,23.0,22,880,901,comp_0001_bnd_0004,comp_0001_bnd_0005,20.583342774824985,19.905947026680565,5.237105379589665,16.613782450649936,35.45465663631339,39.80121724284348,15.516745575543474,35.212383982062306,39.28750544485968,4.062345686699132,9.026930944834652,9.109097433838429,1.1755894228185781,1.887991739318082,2.9467781871150174,0.2534687720967438,0.5591927911761295,0.8084416265855944,0.0,95.49102102197637,excellent_trajectory_model_for_reference_free_derivative_analysis,False,approach_final,100.0,100.0,93.7830458114632,100.0,100.0,64.85733692142227,100.0,2.506971633694095,3.2117331929867445,16.2075519937383,0.7693384511516889,0.0019801416951420953,0.02783931093237493,0.29489976381355887,6.918495307596759e-05,1.278238812355356,0.2551148096878401,0.0008071097940054596,0.0001449964111249072,24.762444882328943,24.19975367990285,0.20768277719799133,0.12886259040105194,local_tuning_candidate:more_position_detail;base=steady_airborne_default,6750.0,0.45,0.035,3.5,5.0,0.02,0.18,,,,5.0,,,,,,,,,11,11,7,
bea_v_spline_accurate,comp_0001_seg_0006,comp_0001,level_accel,1766851097.0,1766851119.0,22.0,21,901,921,comp_0001_bnd_0005,comp_0001_bnd_0006,24.492714308476973,24.351307675627407,2.6280922136794342,11.901779955715998,50.06127220795234,57.84980632054592,10.186059417372004,49.990106483535335,57.749710174573934,1.4522258317271053,5.274308801778943,6.156018165994169,0.899101448234596,1.8645994221395756,1.9187956910974753,0.2457451055822995,0.5348210854413632,0.8903449141629595,0.0,88.34060203862411,excellent_trajectory_model_for_reference_free_derivative_analysis,False,airborne,100.0,100.0,89.62876274140065,100.0,100.0,0.0,100.0,2.935460317965831,4.48182465595139,20.40398207615601,0.8651512357292395,0.001406547359148397,0.018743975482278664,0.12198528060428314,2.494927161653415e-05,1.2451600420989015,0.0782494920409547,0.0006321500853220571,9.762487226858015e-05,30.619321530385136,30.312670145006603,0.1543610819876931,0.1522903033908388,local_tuning_candidate:more_position_detail;base=steady_airborne_default,6750.0,0.45,0.035,3.5,5.0,0.02,0.18,,,,5.0,,,,,,,,,8,8,8,
bea_v_spline_accurate,comp_0001_seg_0007,comp_0001,energy_constant,1766851119.0,1766851223.0,104.0,102,921,1022,comp_0001_bnd_0006,comp_0001_bnd_0007,21.826526611779112,21.77357012351944,1.5195091348469434,16.444605418257158,40.983811301207794,61.80188187719003,16.34016965239821,40.90544110651299,61.80052337920142,0.6308555860486535,3.3305805038805913,6.409500454621025,0.381104278907723,1.007214410996833,1.1654919829727775,0.08044817193693163,0.1931458661789905,0.4251143302269892,0.0,88.56829830267564,excellent_trajectory_model_for_reference_free_derivative_analysis,False,airborne,100.0,100.0,88.71295337857191,100.0,100.0,3.7422576210411105,100.0,1.7905321487546642,3.4037767090965025,21.1988712769595,0.8692500459430766,0.00037840301980928087,0.005472430936906424,0.04046925278023,7.124115799589157e-06,0.7018746794120916,0.090104095576811,0.00018877092399530393,2.850438979738006e-05,26.69974711846971,26.570427533129802,0.08314787575722651,0.04617170958267878,local_tuning_candidate:low_smoothing_same_knots;base=energy_constant_segment_smoothest_airborne_policy,8400.0,0.35,0.035,7.0,9.0,0.02,0.18,,,,9.0,,,,,,,,,8,8,13,
bea_v_spline_accurate,comp_0001_seg_0008,comp_0001,level_accel__turn_left_slow,1766851223.0,1766851315.0,92.0,83,1022,1104,comp_0001_bnd_0007,comp_0001_bnd_0008,22.077111311807577,22.0150093786753,1.65475252856152,17.650234817314693,39.96667517582581,53.56816026376061,17.649412718836235,39.96048810719974,53.534979835269375,0.4746557021881017,3.8362425812695355,5.943561325536621,2.994665889058291,4.322631290035394,4.416749504894726,0.3728536107625819,0.7421154064228048,2.4576666245991214,0.0,98.38198761407703,excellent_trajectory_model_for_reference_free_derivative_analysis,False,airborne,100.0,100.0,89.88742258798135,100.0,100.0,100.0,100.0,5.365792093023985,7.679254125975499,20.158658286451857,0.7968738854802566,0.0023678915678815755,0.058749368832207195,2.6691091638012185,0.0005003428981285783,4.349830568986356,0.9656868426582267,0.0012222756778429364,0.0003059985856767268,27.026389213078698,26.470538119410758,0.43369066384420596,0.12216042982373457,local_tuning_candidate:policy_base;base=turn_or_transition_more_knots_shared_boundary_velocity,3500.0,1.0,0.035,4.0,5.5,0.02,0.18,,,,5.5,,,,,,,,,8,8,18,
bea_v_spline_accurate,comp_0001_seg_0009,comp_0001,energy_constant,1766851315.0,1766851392.0,77.0,77,1104,1180,comp_0001_bnd_0008,comp_0001_bnd_0009,25.755324202305204,25.751943056118822,0.41731714589975594,21.443138761041357,43.392226207231225,70.7235674254558,21.442923320381777,43.39221208050979,70.72353482051076,0.07179449380566894,0.35955592547343257,3.42702820231807,0.6323395648341985,1.565537838398934,1.870730595149769,0.21874487130968878,0.4880950757959383,1.201166229786723,0.0,87.1228791195699,excellent_trajectory_model_for_reference_free_derivative_analysis,False,airborne,99.51269406302892,100.0,82.38347395004013,100.0,100.0,0.0,100.0,2.009133110807023,5.480358404586843,26.783625761475683,0.6495015669046842,0.0007350286113511567,0.019346067515707534,0.05153064470138127,7.900103595673702e-06,0.5928445701151684,0.07300703973778438,0.0004430620854610937,0.00010078717352843786,30.796710669500445,30.471004673421483,0.25080294898754907,0.07490304709141275,local_tuning_candidate:more_position_detail;base=energy_constant_segment_smoothest_airborne_policy,10800.0,0.45,0.035,4.8999999999999995,7.0,0.02,0.18,,,,7.0,,,,,,,,,8,8,13,
bea_v_spline_accurate,comp_0001_seg_0010,comp_0001,level_accel__turn_left_slow,1766851392.0,1766851445.0,53.0,51,1180,1230,comp_0001_bnd_0009,comp_0001_bnd_0010,50.07888625887942,50.06290175399035,1.2651944119744745,41.1847784889912,89.1050821711435,94.94902304843326,41.18420602125694,89.08658088738557,94.94879042764602,0.7064830629620928,2.764903219144287,3.8115333149693242,1.9953665271949421,3.563772573631603,3.605204227092325,0.2667447229973277,0.4107222224200243,1.25347955239744,0.0,94.96823981062832,excellent_trajectory_model_for_reference_free_derivative_analysis,False,airborne,83.8200733813681,100.0,80.68644378040078,100.0,100.0,100.0,100.0,5.671736630994702,10.485487480811086,28.29419324850644,1.5017687841317338,0.0015717018728717096,0.03867786421888497,1.6716895455698626,0.00024768190727833875,3.5829639915092693,0.7685720840269148,0.0009815296325340116,0.00020148301992351422,59.726296848828895,59.32905068096526,0.19291130269709952,0.11755102040816327,local_tuning_candidate:policy_base;base=turn_or_transition_more_knots_shared_boundary_velocity,3500.0,1.0,0.035,4.0,5.5,0.02,0.18,,,,5.5,,,,,,,,,11,11,12,
bea_v_spline_accurate,comp_0001_seg_0011,comp_0001,energy_constant,1766851445.0,1766851506.0,61.0,53,1230,1282,comp_0001_bnd_0010,comp_0001_bnd_0011,36.511091919017005,36.15272850919895,5.102945664913749,24.828983512516736,75.42182211933972,89.51245461040563,24.433085808624817,75.40244645145441,89.22512953006047,4.416190681255102,8.319437909914086,8.645338729320883,0.7301861339929013,1.9066900563275058,2.5612080193783724,0.06587852616140744,0.14983990094173127,0.17998200875893058,0.0,85.65019152679282,excellent_trajectory_model_for_reference_free_derivative_analysis,False,airborne,92.57348908450516,100.0,78.38358022907622,100.0,100.0,0.0,100.0,1.9622563644233988,3.097426671932416,30.36808433094175,0.30306045195895825,0.0003269797019719729,0.0035174848883700836,0.0226300668060401,3.0446096904540904e-06,0.8558234372563176,0.0768261155412437,0.0002129951139573126,1.832023379442421e-05,45.706734874125694,45.37784961982911,0.29107661232127585,0.03780864197530864,local_tuning_candidate:policy_base;base=energy_constant_segment_smoothest_airborne_policy,24000.0,1.0,0.035,7.0,10.0,0.02,0.18,,,,10.0,,,,,,,,,8,8,7,
bea_v_spline_accurate,comp_0001_seg_0012,comp_0001,level_decel,1766851506.0,1766851571.0,65.0,64,1282,1345,comp_0001_bnd_0011,comp_0001_bnd_0012,28.14019882238859,28.10249707257183,1.4561758306097647,20.459291889738317,53.07916757153915,65.5288261766144,20.43848753093156,53.077498745034454,65.52196091135215,0.3355397805618736,3.098636573023786,6.259349692405635,0.7210577140155134,1.4991241981180754,3.845090996041807,0.2768417000300465,0.7625504368767605,1.3014393709344625,0.0,87.06379900878258,excellent_trajectory_model_for_reference_free_derivative_analysis,False,airborne,97.97406527587833,100.0,77.90423396939892,100.0,100.0,8.42233740573345,100.0,1.8577171280654767,4.086586583866246,30.759507508652284,0.5829150373475325,0.0004792462696889145,0.014136614981698915,0.06038750740787404,8.78808372980739e-06,0.3652603386873405,0.10274031099548031,0.0002870289443241265,7.364889000288496e-05,34.25256240414234,34.056617531194405,0.10594487294792995,0.09,local_tuning_candidate:low_smoothing_same_knots;base=steady_airborne_default,5250.0,0.35,0.035,5.0,6.3,0.02,0.18,,,,6.3,,,,,,,,,8,8,12,
bea_v_spline_accurate,comp_0001_seg_0013,comp_0001,energy_constant,1766851571.0,1766851621.0,50.0,50,1345,1394,comp_0001_bnd_0012,comp_0001_bnd_0013,26.966003636105537,26.840061481802845,2.6031618765456006,16.420976875727177,56.41857487006489,74.95781282766616,15.955686655370222,56.39037692508143,74.93427022486297,2.031155393460324,4.731104890679314,5.347557971052424,0.7846378496556594,1.1756172870260597,4.317603940121082,0.27221211009530355,0.6222741236645263,1.3120282171159083,0.0,87.07072671685786,excellent_trajectory_model_for_reference_free_derivative_analysis,False,airborne,98.73161055735126,100.0,82.64333406234815,100.0,100.0,0.0,100.0,2.501983055126459,4.561549488376453,26.592141341008013,0.5957277398232441,0.000822605371352821,0.01997661840520409,0.09515387494939617,1.540778186856389e-05,0.5811978336412912,0.07952169938585343,0.0004653856173668849,0.00010404488753885922,34.254649316064274,33.786543636671055,0.3864730263319888,0.08163265306122448,local_tuning_candidate:more_position_detail;base=energy_constant_segment_smoothest_airborne_policy,10800.0,0.45,0.035,4.8999999999999995,7.0,0.02,0.18,,,,7.0,,,,,,,,,8,8,10,
bea_v_spline_accurate,comp_0001_seg_0014,comp_0001,level_decel__turn_left_slow,1766851621.0,1766851652.0,31.0,29,1394,1422,comp_0001_bnd_0013,comp_0001_bnd_0014,22.27726590008616,21.89721633183462,4.097376343463776,17.96421023611389,39.8828553971573,41.38869104756927,17.60494680096482,39.75728709960881,41.38810119555967,3.187487015191209,7.810912157827305,8.184688079443958,2.997938075158263,4.541102349104838,4.603260200875387,0.47773966587167294,1.0905446251275628,1.7019743214194223,0.0,98.5437753687989,excellent_trajectory_model_for_reference_free_derivative_analysis,False,airborne,100.0,100.0,90.89859605499302,100.0,100.0,100.0,100.0,6.194299291382836,8.93717445263352,19.243560250240776,1.0193601342438874,0.0025614892613799924,0.054735098906123214,2.3134994667335382,0.00037157570424155013,4.399831359816682,0.793094019030648,0.0014936653553559124,0.00028507864008966077,27.2229877241761,26.419369180398657,0.43810648915802364,0.1466727025803531,local_tuning_candidate:more_position_detail;base=turn_or_transition_more_knots_shared_boundary_velocity,1575.0,0.45,0.035,2.8,5.0,0.02,0.18,,,,5.0,,,,,,,,,11,11,9,
bea_v_spline_accurate,comp_0001_seg_0015,comp_0001,level_decel__turn_left_slow,1766851652.0,1766851671.0,19.0,16,1422,1437,comp_0001_bnd_0014,comp_0001_bnd_0015,18.21283133556324,18.015860934184698,2.671325524490035,11.656712906002031,35.306704329481846,37.133341351930234,11.606081993138336,35.234053537332954,37.05074128470155,1.8804303272555103,4.875934184009367,5.0397939711818935,3.442512920722636,4.660890008498256,5.5792993064427,0.3891281154231489,0.754465236375859,1.0003768233883783,0.0,98.58162064602456,excellent_trajectory_model_for_reference_free_derivative_analysis,False,airborne,100.0,100.0,91.1351290376534,100.0,100.0,100.0,100.0,6.04951173411121,9.810305714146564,19.089994186840734,1.2205685657921215,0.0024230297712064565,0.03833313103653695,2.278718354445176,0.0003667804977638605,4.326298008930393,0.7062947524778462,0.0013671635944417827,0.00019965172420817584,23.147966535084095,22.114313174223483,0.5718461169154607,0.16000000000000003,local_tuning_candidate:more_position_detail;base=turn_or_transition_more_knots_shared_boundary_velocity,1575.0,0.45,0.035,2.8,5.0,0.02,0.18,,,,5.0,,,,,,,,,11,11,7,
bea_v_spline_accurate,comp_0001_seg_0016,comp_0001,level_decel__turn_left_slow,1766851671.0,1766851690.0,19.0,19,1437,1455,comp_0001_bnd_0015,comp_0001_bnd_0016,19.57925267208142,18.79212527045275,5.495740442999321,14.234513180826896,34.14721000706486,47.52636000464665,13.079398659928554,33.527434380434684,47.27596296907677,4.910859435270368,8.7398151422003,9.835068954198846,1.8935353989274863,4.2302623108952675,6.239572760053157,0.476300634098328,0.994382449564872,1.2489162727689016,0.0,88.2781160944093,excellent_trajectory_model_for_reference_free_derivative_analysis,False,airborne,100.0,100.0,80.79790528072098,100.0,100.0,13.50451249493922,100.0,2.3358457967712787,3.7816758956018894,28.23063826041356,0.6825086591648906,0.0017008014889064859,0.04178060544790804,0.4170905285680305,6.880517361191585e-05,1.4572607711733718,0.11646218373633589,0.0008759611596754519,0.0002176073200469336,23.75863481946529,23.255338592549226,0.18007241637296348,0.1111111111111111,local_tuning_candidate:short_transition_strong_derivative_guard;base=turn_or_transition_more_knots_shared_boundary_velocity,8400.0,2.4,0.0135,6.4,9.9,0.02,0.18,,,,9.9,,,,,,,,,11,11,6,
bea_v_spline_accurate,comp_0001_seg_0017,comp_0001,level_decel__turn_left_slow,1766851690.0,1766851739.0,49.0,45,1455,1499,comp_0001_bnd_0016,comp_0001_bnd_0017,18.523291398295846,18.40798203652528,2.063618561930393,13.340456546410131,33.154638676917415,40.332719018725996,13.319912839494636,33.132371923040175,40.30098920353103,1.150730651771255,4.383367718774431,6.6766075565642495,2.411698386255382,3.997086905824445,4.477235052792654,0.5666409825943042,1.3169010950975515,2.8540183163955106,0.0,98.79700429197216,excellent_trajectory_model_for_reference_free_derivative_analysis,False,airborne,100.0,100.0,92.48127682482587,100.0,100.0,100.0,100.0,5.189623433400153,9.317521058695059,17.84253355119622,1.3801554001300715,0.0028506948011412115,0.050352607536476794,2.5663042920353414,0.0005431105091387539,3.9704166224634405,0.8872906030146197,0.0012743114049726218,0.00026225936141264036,22.631013536508092,22.066742486945774,0.2902796778917222,0.14512471655328796,local_tuning_candidate:more_position_detail;base=turn_or_transition_more_knots_shared_boundary_velocity,1575.0,0.45,0.035,2.8,5.0,0.02,0.18,,,,5.0,,,,,,,,,11,11,12,
bea_v_spline_accurate,comp_0001_seg_0018,comp_0001,level_decel__turn_left_medium,1766851739.0,1766851754.0,15.0,14,1499,1512,comp_0001_bnd_0017,comp_0001_bnd_0018,22.457727423019378,22.287982872578404,2.7559645277630715,24.13945074058566,31.685569992337083,31.696418938033556,23.967795606298974,31.660450662246816,31.685522339832435,1.373409034440101,5.178868439451872,7.225907386846188,3.030965461642584,5.29787173018169,8.0609330625012,0.7469136343657348,1.6152219895469682,1.9790142876290893,0.0,98.54939834132095,excellent_trajectory_model_for_reference_free_derivative_analysis,False,airborne,100.0,100.0,90.93373963325587,100.0,100.0,100.0,100.0,6.669510503211726,11.449176159263375,19.207969060220613,3.465982099106051,0.0035483105491605775,0.06404284100704724,2.795867035744808,0.0007181682310494453,3.636066256022965,0.5399723550597358,0.0012651223085649909,0.0003335564635497361,25.861025665791768,25.014454330210345,0.4604715806093939,0.12456747404844293,local_tuning_candidate:short_transition_sparse_low_velocity;base=turn_or_transition_more_knots_shared_boundary_velocity,5600.0,1.6,0.018,5.4,8.25,0.02,0.18,,,,8.25,,,,,,,,,11,11,6,
bea_v_spline_accurate,comp_0001_seg_0019,comp_0001,level_decel__turn_left_slow,1766851754.0,1766851790.0,36.0,37,1512,1548,comp_0001_bnd_0018,comp_0001_bnd_0019,13.234031082103268,13.068842223982394,2.0844523517534177,10.298209211174255,22.984669618045587,27.22168802427367,10.218061156922277,22.984364861842135,26.965557785385638,1.052145911661455,4.143826837403729,4.928005047620104,0.9174733334163016,1.9858908300047151,2.1396986408887457,0.3119890084239974,0.7536243888257848,1.4166089683235736,0.0,97.97728028025273,excellent_trajectory_model_for_reference_free_derivative_analysis,False,airborne,100.0,100.0,99.56303641423949,100.0,100.0,80.47194453974403,100.0,1.6919555000127355,2.4412869152966477,11.028529116483654,1.2338845055094612,0.0017680016135410658,0.02848721158139496,0.5245953940823876,0.00014484592327426005,0.6835904758853173,0.29727425025730886,0.0005986623312711084,0.0001483900208302152,15.957856634243932,15.619088951268182,0.043994355105968115,0.12755102040816327,local_tuning_candidate:policy_base;base=turn_or_transition_more_knots_shared_boundary_velocity,3500.0,1.0,0.035,4.0,5.5,0.02,0.18,,,,5.5,,,,,,,,,11,11,10,
bea_v_spline_accurate,comp_0001_seg_0020,comp_0001,descent,1766851790.0,1766851992.0,202.0,202,1548,1749,comp_0001_bnd_0019,comp_0001_bnd_0020,13.790572355832687,13.711493406450247,1.4747319981366485,10.190117566330299,24.85878819711095,37.6966754147987,10.015454644077629,24.715153988287895,37.64252554055507,0.7364584230995206,3.179374141230754,4.375497096051049,0.2955483114963136,0.47857271622340053,1.8715226407860674,0.14007021177809584,0.18084667242605673,1.4773351418981082,0.0,93.306295065272,excellent_trajectory_model_for_reference_free_derivative_analysis,False,approach_final,100.0,100.0,97.59195633860419,100.0,100.0,36.91582051095314,100.0,1.463451344069411,3.038129247320192,13.362183658133373,0.9017983632134546,0.002297210749972434,0.0766383212759661,0.1296396035347849,3.516327990540149e-05,0.46787554873291837,0.17967271537957347,0.000739371618323544,0.0003991987259501085,16.725891373164572,16.588823978018223,0.015226882508399053,0.12184051263794943,local_tuning_candidate:position_detail_velocity_light;base=steady_airborne_default,8250.0,0.55,0.035,3.75,5.6000000000000005,0.02,0.18,,,,5.6000000000000005,,,,,,,,,8,8,37,
bea_v_spline_accurate,comp_0001_seg_0021,comp_0001,climb,1766851992.0,1766852025.0,33.0,32,1749,1780,comp_0001_bnd_0020,comp_0001_bnd_0021,23.738916892211456,22.607832836524246,7.240308670982094,21.824537787069605,35.16340997111897,53.74429720355346,20.295053332519174,34.870151083055305,53.09109411840125,4.877911068351352,13.857302481113797,14.868430378133269,1.764331594106437,2.396400067971118,3.5605785771435707,0.354090866621291,0.7080061157197207,0.9270481258243533,0.0,98.61486166204959,excellent_trajectory_model_for_reference_free_derivative_analysis,False,airborne,100.0,100.0,91.34288538780983,100.0,100.0,100.0,100.0,5.168366157515647,8.260931606466356,17.425214395979246,1.3732875981154162,0.003997981851485724,0.05157513276473553,0.42812613726419513,0.00012131485159136418,2.3809759242099506,0.4858439788959964,0.0013746264880624352,0.0002686204831288837,27.90204242725407,27.06951210593037,0.46517904639687446,0.15123456790123457,local_tuning_candidate:more_position_detail;base=steady_airborne_default,6750.0,0.45,0.035,3.5,5.0,0.02,0.18,,,,5.0,,,,,,,,,11,11,7,
bea_v_spline_accurate,comp_0001_seg_0022,comp_0001,climb,1766852025.0,1766852040.0,15.0,8,1780,1787,comp_0001_bnd_0021,comp_0001_bnd_0022,18.564749949301024,18.017023861500014,4.476247519319216,14.865603284426161,29.257757981510846,29.778347522771664,13.59004920066463,28.501298036106995,28.643063379698148,1.73171369368049,8.462939530221803,8.63467073197296,1.8468223223676754,4.513538956515627,6.318799448501037,0.44393982718656394,1.014091337946372,1.2486048582830445,0.0,95.00936156270565,excellent_trajectory_model_for_reference_free_derivative_analysis,False,airborne,100.0,100.0,100.0,100.0,100.0,50.093615627056344,100.0,2.3528458801219014,2.9143898471279637,7.9031182418760935,1.562529031167244,0.0023959218476553193,0.0367146456028577,0.5336350647430611,0.00015652713729802958,1.0911962050279451,0.21525276219305212,0.0007813113935882306,0.00019122211249972775,23.12103021788017,21.26008822164983,0.5177545343888859,0.4444444444444444,local_tuning_candidate:policy_base;base=steady_airborne_default,15000.0,1.0,0.035,5.0,7.0,0.02,0.18,,,,7.0,,,,,,,,,11,11,6,
bea_v_spline_accurate,comp_0001_seg_0023,comp_0001,climb,1766852040.0,1766852077.0,37.0,13,1787,1799,comp_0001_bnd_0022,comp_0001_bnd_0023,26.938638783307074,26.74583399711595,3.217238458089864,23.06301912364861,47.97473704646813,49.05348492866091,23.025476524251495,47.956691015546085,49.05342233888468,2.4661384838366303,5.636206060405652,5.9260715616793505,1.2600201876727029,2.52102690543576,4.128052500423527,0.2324530941243415,0.5426185246055217,0.667365606064353,0.0,98.5648071194187,excellent_trajectory_model_for_reference_free_derivative_analysis,False,airborne,98.74926530109221,100.0,91.96809552054764,100.0,100.0,100.0,100.0,3.8709923309225003,5.646046267884214,18.376947466312128,2.054984320262207,0.002108832774032125,0.02074400554898511,0.3810446660415992,0.00011456635698999331,1.490454004236671,0.5061913981682639,0.0008067803522150415,0.00010804169556483677,32.69175164008718,31.887457507497828,0.23591637529203383,0.25,local_tuning_candidate:policy_base;base=steady_airborne_default,15000.0,1.0,0.035,5.0,7.0,0.02,0.18,,,,7.0,,,,,,,,,11,11,6,
bea_v_spline_accurate,comp_0001_seg_0024,comp_0001,energy_constant,1766852077.0,1766852161.0,84.0,75,1799,1873,comp_0001_bnd_0023,comp_0001_bnd_0024,23.926701069921823,23.879966601637545,1.4947304753947572,16.243075341928545,51.98971092001137,65.59929058297458,16.214760349065745,51.96312375624907,65.57955797089751,0.9130747762390001,2.9922058120045563,4.136446746103047,0.7152311359242467,1.7576982171998412,2.1091551775185526,0.22870022881361363,0.4742958696966944,1.3242606609992558,0.0,92.49208184895227,excellent_trajectory_model_for_reference_free_derivative_analysis,False,airborne,100.0,100.0,85.29053919435715,100.0,100.0,48.455955778551086,100.0,1.719649605940847,2.797526416138191,24.216224912433365,0.9867017789927324,0.0011830281755149082,0.022091669285662176,0.2408924360141367,4.807533492909453e-05,0.7740897827615741,0.21083108060208794,0.0005596916695471753,0.00011508212196201276,30.69906819790314,30.291134705746046,0.31436947831626566,0.09356401384083046,local_tuning_candidate:transition_flexible;base=energy_constant_segment_smoothest_airborne_policy,18000.0,0.75,0.035,4.55,6.5,0.02,0.18,,,,6.5,,,,,,,,,8,8,13,
bea_v_spline_accurate,comp_0001_seg_0025,comp_0001,level_accel__turn_right_slow,1766852161.0,1766852189.0,28.0,26,1873,1898,comp_0001_bnd_0024,comp_0001_bnd_0025,22.611111314889442,22.526424093154464,1.9551400128050478,18.40206635632636,37.56541692695574,38.82226250163766,18.347956161983667,37.47538584281391,38.7715565634532,1.5424803450129616,3.81326586220419,4.603870717829409,3.0559833038426514,5.595977791204415,5.66391257460544,0.36912128171731723,0.7928424668140783,1.1901071706900574,0.0,99.21120148130163,excellent_trajectory_model_for_reference_free_derivative_analysis,False,airborne,100.0,100.0,95.0700092581351,100.0,100.0,100.0,100.0,5.748228346632367,9.407394842588204,15.541438442087223,1.1109224541016134,0.0025940743786657698,0.03798084564496832,2.731363567989601,0.00043291556090818836,5.254285579991157,0.6498197196078933,0.0014825804067920246,0.00019781690441145867,27.0184823255341,26.265543957766344,0.4513002897096449,0.11659726353361097,local_tuning_candidate:policy_base;base=turn_or_transition_more_knots_shared_boundary_velocity,3500.0,1.0,0.035,4.0,5.5,0.02,0.18,,,,5.5,,,,,,,,,11,11,7,
bea_v_spline_accurate,comp_0001_seg_0026,comp_0001,climb__turn_right_slow,1766852189.0,1766852240.0,51.0,49,1898,1946,comp_0001_bnd_0025,comp_0001_bnd_0026,32.228592838580845,31.953993648600004,4.198152719977586,23.581635497685575,64.73808810079754,69.3721490203837,22.222288033863038,64.6312457897109,69.37184694705499,3.2879430576887216,6.630290701913759,11.83557838993761,3.6001040529398884,5.281734120894443,5.816551869288634,0.41535883713285343,0.9821055625957197,1.2396810715261246,0.0,96.02910420374397,excellent_trajectory_model_for_reference_free_derivative_analysis,False,airborne,95.33639171704462,100.0,78.67960748561626,100.0,100.0,100.0,100.0,6.333634718408811,9.791485706356458,30.10349777706585,1.0553467618280614,0.0015750044292016352,0.031667606118254026,2.5662631863231873,0.000394412754650582,5.29325824000935,0.8363920938481268,0.0010674841781355272,0.00016493756113224888,40.30596323573756,39.57910542327583,0.6256702957689013,0.05536332179930796,local_tuning_candidate:energy_change_sparse_low_velocity;base=turn_or_transition_more_knots_shared_boundary_velocity,4900.0,1.4,0.0225,5.0,7.975,0.02,0.18,,,,7.975,,,,,,,,,11,11,8,
bea_v_spline_accurate,comp_0001_seg_0027,comp_0001,climb,1766852240.0,1766852266.0,26.0,27,1946,1972,comp_0001_bnd_0026,comp_0001_bnd_0027,25.45738786660014,25.382033181585687,1.9572911279120444,13.544611067658531,55.439954970295,56.51088111195269,13.543230985330606,55.25412532698776,56.510417932652324,1.4592166992463262,3.3323658088271713,5.134088294342064,1.2792024209067276,3.338154671099582,4.992628308008904,0.2708693368632229,0.6381993868267204,0.7875330492789395,0.0,86.53381627698668,excellent_trajectory_model_for_reference_free_derivative_analysis,False,airborne,99.70491105380637,100.0,77.25209339769773,100.0,100.0,2.0889200689826657,100.0,2.6414038071322,4.597764906736951,31.36680842046381,0.4375764775029466,0.0006971784004928727,0.021447769060020185,0.017432063105900047,2.098130959917072e-06,0.7453259449407001,0.0856400841862532,0.0005095988522781702,0.00011170713052072703,32.44445499417238,32.024257010463465,0.2455406487292406,0.06518786781349026,local_tuning_candidate:policy_base;base=steady_airborne_default,15000.0,1.0,0.035,5.0,7.0,0.02,0.18,,,,7.0,,,,,,,,,11,11,6,
bea_v_spline_accurate,comp_0001_seg_0028,comp_0001,climb__turn_left_slow,1766852266.0,1766852384.0,118.0,111,1972,2082,comp_0001_bnd_0027,comp_0001_bnd_0028,29.19728590944337,29.137211446174085,1.8720079109667875,25.517206889880338,49.09404599461387,70.93338992029028,25.481617181188142,49.05425582775153,70.7444105955969,1.264364726396252,3.9419833717361143,5.1743767803993705,2.661647248769697,4.196151457044833,4.242849892637163,0.2631850152936517,0.37656050330229085,1.2377808555597434,0.0,97.27542819405765,excellent_trajectory_model_for_reference_free_derivative_analysis,False,airborne,97.29207360681073,100.0,85.00237100775222,100.0,100.0,100.0,100.0,5.490943550955885,9.401082331061572,24.492196810942584,0.9437178406505982,0.001836296591422405,0.04229403087597221,1.9405108548818781,0.0002902319356473709,4.200521735781029,0.9569473788841641,0.0011686584495518946,0.00022029972978053906,34.83386732122091,34.36954847075616,0.34101601263478926,0.12330283782996328,local_tuning_candidate:policy_base;base=turn_or_transition_more_knots_shared_boundary_velocity,3500.0,1.0,0.035,4.0,5.5,0.02,0.18,,,,5.5,,,,,,,,,8,8,23,
bea_v_spline_accurate,comp_0001_seg_0029,comp_0001,climb,1766852384.0,1766852434.0,50.0,51,2082,2132,comp_0001_bnd_0028,comp_0001_bnd_0029,25.671598675904836,25.577677439454934,2.193945163379625,14.200891217341345,48.02735415596278,71.87140885519966,13.768729320460537,47.884641517337265,71.84556040243523,1.550174872812022,4.658259661840702,5.030033431704396,0.3071195636216531,0.6183131254499539,0.6528768151701039,0.07007093668341773,0.14078017213739563,0.3222134714400418,0.0,88.38337597881596,excellent_trajectory_model_for_reference_free_derivative_analysis,False,airborne,99.56671053167429,100.0,87.4313372736375,100.0,100.0,4.463567512330384,100.0,2.0974100526971124,4.079966413874458,22.36641725145327,0.7833429826349312,0.0003598527881554623,0.010565318181952835,0.019181085191104584,3.014070382441567e-06,0.6343137841848763,0.09205163228329204,0.00020248735768894257,5.503732262738173e-05,31.397693868491434,31.207323031571182,0.014245270778356625,0.09601269589367188,local_tuning_candidate:low_smoothing_same_knots;base=steady_airborne_default,5250.0,0.35,0.035,5.0,6.3,0.02,0.18,,,,6.3,,,,,,,,,11,11,11,
bea_v_spline_accurate,comp_0001_seg_0030,comp_0001,energy_constant,1766852434.0,1766852464.0,30.0,31,2132,2162,comp_0001_bnd_0029,comp_0001_bnd_0030,24.38330346726591,24.330551822564782,1.603039608453671,23.75073271253579,38.441773550341345,42.34837814151026,23.749287360272653,38.40492620185034,42.346636988264066,1.112934896016668,2.7153766915698725,2.748002363014166,1.3354950987297924,3.2672938464501753,4.878270205238769,0.2614950108412077,0.5707632465349393,0.7098802837590199,0.0,87.50224623806602,excellent_trajectory_model_for_reference_free_derivative_analysis,False,airborne,100.0,100.0,82.22714024468104,100.0,100.0,3.4590379891703678,100.0,2.68817956432643,5.1018869088869865,26.9196386535526,0.6116698533925498,0.0007795131555132446,0.01942530577733526,0.03428759603596322,5.306342871924337e-06,0.6126842880844257,0.08933940257076,0.0004366412103418886,0.00010117346760501805,29.04915942472048,27.98083187913973,1.0129642237814418,0.05536332179930796,local_tuning_candidate:policy_base;base=energy_constant_segment_smoothest_airborne_policy,24000.0,1.0,0.035,7.0,10.0,0.02,0.18,,,,10.0,,,,,,,,,8,8,6,
bea_v_spline_accurate,comp_0001_seg_0031,comp_0001,level_accel__turn_left_slow,1766852464.0,1766852585.0,121.0,105,2162,2266,comp_0001_bnd_0030,comp_0001_bnd_0031,27.5259783311898,27.493914154516837,1.3282196931190822,25.218925683375605,44.055222213668536,61.387534606564216,25.21890618520059,44.055171882438486,61.289274754290766,0.0938853746474706,3.1166897356213665,4.079408422452161,2.6553387197223106,4.189732510841467,4.445982702081028,0.23945330823794567,0.4762704565343756,1.0457669014773152,0.0,98.32373057596027,excellent_trajectory_model_for_reference_free_derivative_analysis,False,airborne,98.37033656052272,100.0,90.74556367935958,100.0,100.0,100.0,100.0,5.463505357306639,8.064506628155245,19.387702856166534,0.6535163235074184,0.0017108585078001483,0.05003912177243626,2.2222254286174437,0.0003567130994165745,4.2498335351204695,0.9719500609496677,0.001082625363893042,0.00026067099160448636,32.39291042978398,31.930057446146574,0.3389489836374067,0.12390399999999999,local_tuning_candidate:policy_base;base=turn_or_transition_more_knots_shared_boundary_velocity,3500.0,1.0,0.035,4.0,5.5,0.02,0.18,,,,5.5,,,,,,,,,8,8,22,
bea_v_spline_accurate,comp_0001_seg_0032,comp_0001,energy_constant,1766852585.0,1766852739.0,154.0,153,2266,2418,comp_0001_bnd_0031,comp_0001_bnd_0032,33.47199074160499,33.47124192510077,0.2238932724913621,25.390675458485802,66.1500162770944,90.45001283770496,25.390675430113006,66.14993580489096,90.44993741965324,0.027669008248722093,0.4834740985821555,1.0169042263755728,0.17962093272962168,0.2871010823191943,1.4193571684148538,0.06403572018041372,0.12692643069255824,0.4691085020050177,0.0,85.96650327014856,excellent_trajectory_model_for_reference_free_derivative_analysis,False,airborne,94.53419952154516,100.0,78.88999579726958,100.0,100.0,0.0,100.0,1.1911439575462137,2.1799440358281794,29.877993907448268,0.5916833725303559,8.472047807902932e-05,0.002455952505785319,0.01989147530150361,2.558255401272511e-06,0.268436207479366,0.03806477128282624,5.9290962269509676e-05,1.2793503327607999e-05,41.30300433980782,41.23434511571127,0.020411704967944685,0.048247519128604366,local_tuning_candidate:low_smoothing_same_knots;base=energy_constant_segment_smoothest_airborne_policy,8400.0,0.35,0.035,7.0,9.0,0.02,0.18,,,,9.0,,,,,,,,,8,8,19,
bea_v_spline_accurate,comp_0001_seg_0033,comp_0001,descent__turn_right_slow,1766852739.0,1766852770.0,31.0,25,2418,2442,comp_0001_bnd_0032,comp_0001_bnd_0033,27.73326859381587,26.67050862324608,7.603825134370874,25.949053027818486,40.46740076163543,51.276586531422204,24.99795263156731,40.42701336997426,51.27367358366311,5.818438834349763,15.482342397810303,17.17798509401564,2.589814867536144,4.223016444835216,4.254829334619928,0.2707765035804426,0.5273406634775079,0.6696486357950999,0.0,97.2094237778369,excellent_trajectory_model_for_reference_free_derivative_analysis,False,approach_final,98.23660090721557,100.0,83.88144793106882,100.0,100.0,100.0,100.0,4.590286702903789,7.623030679112704,25.499514290352035,0.9160265810827236,0.00132218377548773,0.0239583940410717,1.9139152522294163,0.0002654683635943831,4.242056883530787,0.6018779156558727,0.0009274689687520603,0.00012478330230910906,31.85015347436632,31.324438405255687,0.32315968183545946,0.08163265306122448,local_tuning_candidate:short_transition_sparse_low_velocity;base=turn_or_transition_more_knots_shared_boundary_velocity,5600.0,1.6,0.018,5.4,8.25,0.02,0.18,,,,8.25,,,,,,,,,11,11,6,
bea_v_spline_accurate,comp_0001_seg_0034,comp_0001,level_decel__turn_right_slow,1766852770.0,1766852804.0,34.0,29,2442,2470,comp_0001_bnd_0033,comp_0001_bnd_0034,27.656311802727824,27.57569722149335,2.110096035308955,17.382463207634537,65.8184037021982,67.62505067245074,17.30321649936143,65.78193026829014,67.55693514931173,1.657928207430814,3.397228803026701,4.07332835174293,2.286251412015675,3.6356055153657,3.6498809505216143,0.19573060438909376,0.34058446865801717,0.410915822627737,0.0,97.53331940837244,excellent_trajectory_model_for_reference_free_derivative_analysis,False,airborne,98.28625044985301,100.0,85.86855846493785,100.0,100.0,100.0,100.0,3.4602592468204185,6.898780670150606,23.69750188426928,1.1100599515177372,0.0013100600406539247,0.01642813581405555,1.6194458172742683,0.00022803130352963376,3.5617083917942454,0.5299927795984528,0.0007962563728785946,8.556320735789414e-05,36.27434175747828,35.846619523124005,0.25110742492922883,0.07438016528925619,local_tuning_candidate:short_transition_sparse_low_velocity;base=turn_or_transition_more_knots_shared_boundary_velocity,5600.0,1.6,0.018,5.4,8.25,0.02,0.18,,,,8.25,,,,,,,,,11,11,6,
bea_v_spline_accurate,comp_0001_seg_0035,comp_0001,level_decel__turn_left_slow,1766852804.0,1766852947.0,143.0,132,2470,2601,comp_0001_bnd_0034,comp_0001_bnd_0035,25.72550643648413,25.715736524700077,0.7089262343803943,19.94917660215651,46.27580206845219,62.08524442553867,19.94722314895237,46.27579479598649,62.08523748869137,0.016348181843568454,1.5939352415841226,4.072636415560737,3.621342682114057,4.894078472895591,5.280062555566176,0.5487705535691284,1.0364359838106878,4.141585185186828,0.0,97.44594291905831,excellent_trajectory_model_for_reference_free_derivative_analysis,False,airborne,99.53193133130057,100.0,84.38819474563894,100.0,100.0,100.0,100.0,6.6686041077436435,9.782895144217072,25.007311194418676,0.7807168817940584,0.0021816792970215672,0.08425968056047492,1.8915944244671357,0.00023390983034307379,4.850191657922402,0.977458959204838,0.0014482331025495554,0.000438917982141678,31.55837250197801,30.789015977882542,0.638011089205147,0.13134543489032025,local_tuning_candidate:policy_base;base=turn_or_transition_more_knots_shared_boundary_velocity,3500.0,1.0,0.035,4.0,5.5,0.02,0.18,,,,5.5,,,,,,,,,8,8,27,
bea_v_spline_accurate,comp_0001_seg_0036,comp_0001,level_decel__turn_left_slow,1766852947.0,1766852996.0,49.0,35,2601,2635,comp_0001_bnd_0035,comp_0001_bnd_0036,25.611308126226696,25.575427569287807,1.3552153277759686,20.518630473060966,44.309083225856796,51.69690035937505,20.518498114544556,44.299607210931995,51.69688581564843,0.5201910916648558,3.154007515975717,4.032865832092284,2.1748305092082347,3.477518553669828,3.619541010055409,0.29724115458514505,0.5124901785154502,1.4097844067706535,0.0,97.19691730413889,excellent_trajectory_model_for_reference_free_derivative_analysis,False,airborne,99.6056076604989,100.0,82.77652740549381,100.0,100.0,100.0,100.0,4.509954980479168,8.620681789983797,26.448041788161152,0.8757297308123347,0.0017563157644131617,0.03961655948662166,1.5845505254601608,0.00026578781042519014,3.0993825970783337,0.7296868619503578,0.0009571839777662743,0.00020635454858075204,30.676988443547366,30.18100336179772,0.2293220117011466,0.1423994304022784,local_tuning_candidate:more_position_detail;base=turn_or_transition_more_knots_shared_boundary_velocity,1575.0,0.45,0.035,2.8,5.0,0.02,0.18,,,,5.0,,,,,,,,,11,11,10,
bea_v_spline_accurate,comp_0001_seg_0037,comp_0001,energy_constant,1766852996.0,1766853063.0,67.0,64,2635,2698,comp_0001_bnd_0036,comp_0001_bnd_0037,23.095870762261704,23.095867698078514,0.01189705629583909,16.13051968196084,40.137859699293564,57.794956590483864,16.13051919457026,40.13784998755293,57.79495170260572,0.0044977695688430686,0.029714253112183533,0.03474429399284418,0.20374756680772388,0.4885357549135109,0.5182336087736327,0.06412796110423694,0.14120668665724723,0.3864071245681473,0.0,87.62796401383646,excellent_trajectory_model_for_reference_free_derivative_analysis,False,airborne,100.0,100.0,85.17477508647781,100.0,100.0,0.0,100.0,1.3821140566173966,3.149324618483503,24.305855399469962,0.8873388601999553,0.00035436204860220987,0.008657406246104223,0.053960708743418656,9.956145818291697e-06,0.4882588174054933,0.07049357628602061,0.00017368340184995283,4.5093375758876525e-05,27.5485188490704,27.43744055884058,0.025414994572473447,0.0856632956573468,local_tuning_candidate:transition_flexible;base=energy_constant_segment_smoothest_airborne_policy,18000.0,0.75,0.035,4.55,6.5,0.02,0.18,,,,6.5,,,,,,,,,8,8,12,
bea_v_spline_accurate,comp_0001_seg_0038,comp_0001,level_accel__turn_left_slow,1766853063.0,1766853403.0,340.0,316,2698,3013,comp_0001_bnd_0037,comp_0001_bnd_0038,25.81824919483776,25.800289779904265,0.9628285204064885,20.878624032571167,43.724592239469054,75.23242710384321,20.857916106463062,43.703958487411654,75.16728553378506,0.11005018225318963,2.3892942646220945,4.895801255673177,3.103007336386033,4.946325311283574,5.327410691883417,0.2509778953615201,0.41101535355438157,2.2352358377600856,0.0,97.51211131365157,excellent_trajectory_model_for_reference_free_derivative_analysis,False,airborne,99.47209729365306,100.0,84.8466227400824,100.0,100.0,100.0,100.0,5.851851358256649,9.429796649162444,24.605339809542375,0.738936812635822,0.001647278766805913,0.04544970596053544,2.3646353828405626,0.0004261766655713799,5.00416807153792,0.9766786159754176,0.0010188270773111901,0.00023676486450598366,31.251755894848994,30.65764375708717,0.4622739858343904,0.13183815192743764,local_tuning_candidate:policy_base;base=turn_or_transition_more_knots_shared_boundary_velocity,3500.0,1.0,0.035,4.0,5.5,0.02,0.18,,,,5.5,,,,,,,,,8,8,61,
bea_v_spline_accurate,comp_0001_seg_0039,comp_0001,energy_constant,1766853403.0,1766853419.0,16.0,17,3013,3029,comp_0001_bnd_0038,comp_0001_bnd_0039,22.48246391669312,22.481616749891714,0.19517191497893885,12.753711999264308,49.743275737907894,52.4922027473808,12.752302906001072,49.74242204201405,52.49186229746355,0.18905506144392348,0.3113828010095858,0.31532901222408327,1.1193633087815196,2.3549731751478395,3.1868173271839644,0.20062373815420964,0.421798842968805,0.4958093237766526,0.0,86.85331860910803,excellent_trajectory_model_for_reference_free_derivative_analysis,False,airborne,100.0,100.0,80.33324130692512,100.0,100.0,0.0,100.0,1.196483505632565,2.167808360092226,28.59842512895302,0.5833932196961106,0.0007933485374776321,0.018494131049041226,0.01735906942001753,2.7626883919659294e-06,0.3762767184388068,0.03866598839512911,0.0004485063802911868,9.632359921131028e-05,29.269953161555097,28.458818651338962,0.7059482428677046,0.10518626734842952,local_tuning_candidate:low_jerk_position;base=energy_constant_segment_smoothest_airborne_policy,19200.0,0.8,0.035,6.3,9.0,0.02,0.18,,,,9.0,,,,,,,,,8,8,6,
bea_v_spline_accurate,comp_0001_seg_0040,comp_0001,descent,1766853419.0,1766853472.0,53.0,54,3029,3082,comp_0001_bnd_0039,comp_0001_bnd_0040,21.330505194232085,21.163563018186704,2.663466203352727,12.246677639289045,37.161671350444536,68.06992393866112,12.157898649135323,37.00822171748122,68.03177342633217,1.6648486171848162,5.184359924917678,6.999400924018573,0.41644721377208255,0.7782756080419061,0.8313625332241881,0.09848958616880055,0.2253577415201772,0.3671505603140176,0.0,87.57408858197114,excellent_trajectory_model_for_reference_free_derivative_analysis,False,approach_final,100.0,100.0,84.83805363731952,100.0,100.0,0.0,100.0,0.9629561629718408,1.5618670070723373,24.65961068429031,0.41622533423548147,0.0005478366859227295,0.01122214127661412,0.07198003996691918,1.134478587957537e-05,0.5837258220809434,0.06323900512102203,0.00031375603850827854,5.84554823536138e-05,25.758676387586615,25.60560225163008,0.026283199396428123,0.07304601899196494,local_tuning_candidate:policy_base;base=steady_airborne_default,15000.0,1.0,0.035,5.0,7.0,0.02,0.18,,,,7.0,,,,,,,,,11,11,10,
bea_v_spline_accurate,comp_0001_seg_0041,comp_0001,descent__turn_left_slow,1766853472.0,1766853547.0,75.0,61,3082,3142,comp_0001_bnd_0040,comp_0001_bnd_0041,30.10315156499072,29.93970002379123,3.1327458610935435,25.87506705183237,50.55628102013583,64.13513034052562,25.860804020621963,50.456110134904534,64.12782517211947,1.572507484749167,6.797852018779395,9.169899189854277,2.8678344502651507,4.3148526543825785,4.324873320475701,0.21867708214176823,0.4249893353017569,0.6538884180063533,0.0,95.14808158110853,excellent_trajectory_model_for_reference_free_derivative_analysis,False,approach_final,96.70764415161888,100.0,72.14477676821403,100.0,100.0,100.0,100.0,6.030549782940077,9.056072351657043,35.891499147105485,0.7772004826200083,0.0014561249480563305,0.018343951558181047,1.9585451740186695,0.0002827669916047796,4.3186748217153665,0.9005774282138608,0.0009375422807176068,9.554141436813323e-05,35.71779440227189,35.272543819454135,0.39462558281775706,0.050625,local_tuning_candidate:short_transition_sparse_low_velocity;base=turn_or_transition_more_knots_shared_boundary_velocity,5600.0,1.6,0.018,5.4,8.25,0.02,0.18,,,,8.25,,,,,,,,,11,11,9,
bea_v_spline_accurate,comp_0001_seg_0042,comp_0001,descent,1766853547.0,1766853624.0,77.0,74,3142,3215,comp_0001_bnd_0041,comp_0001_bnd_0042,30.773669039260245,30.694286692718563,2.208952367780823,19.37268994515246,63.26601237564483,78.54205853334675,19.07779472628922,63.20607333687154,78.47835179576508,1.5661281923928527,3.663316098150142,5.8582868019911984,0.3171246106082871,0.5615713584408275,0.6536844729061618,0.05594552759521102,0.10939486497469832,0.2624878863176136,0.0,88.9068924564799,excellent_trajectory_model_for_reference_free_derivative_analysis,False,approach_final,96.27505223273532,100.0,74.87289249505133,100.0,100.0,33.74223389343427,100.0,1.4491590233234029,2.5367006867574013,33.309966526227036,0.5435397898859193,0.00023690955545635438,0.007848055508812141,0.06431612648212595,7.897929612076115e-06,0.3811156757142478,0.17110403151227252,0.00016083453712000196,4.0882713078129414e-05,38.341119438539074,38.248055782297726,0.014904331463915295,0.0781593247774309,local_tuning_candidate:policy_base;base=steady_airborne_default,15000.0,1.0,0.035,5.0,7.0,0.02,0.18,,,,7.0,,,,,,,,,11,11,13,
bea_v_spline_accurate,comp_0001_seg_0043,comp_0001,descent__turn_left_slow,1766853624.0,1766853690.0,66.0,63,3215,3277,comp_0001_bnd_0042,comp_0001_bnd_0043,33.1060179463698,33.060382660321025,1.7376773631787998,30.312559173116643,56.70086616128829,68.58551068259571,30.17515430247014,56.699447970056326,68.58154320553444,0.7377039649227299,3.564156601022932,4.8547952029466614,2.384479365981216,4.202387382753776,4.241910494907566,0.21691284098193303,0.30699191244085006,0.7033657728258956,0.0,96.49043998327633,excellent_trajectory_model_for_reference_free_derivative_analysis,False,approach_final,94.77031100234205,100.0,81.98751664372047,100.0,100.0,100.0,100.0,5.699272244523261,9.015100202904527,27.188194273575395,1.0508038349596778,0.0017244606347414336,0.029678776969703814,2.0601388894763684,0.000307090153450713,4.2177135777674675,0.8765512303620642,0.001044600828073174,0.00015458405075252012,39.38856716920758,38.945216183437466,0.27335817811393587,0.130643054144288,local_tuning_candidate:policy_base;base=turn_or_transition_more_knots_shared_boundary_velocity,3500.0,1.0,0.035,4.0,5.5,0.02,0.18,,,,5.5,,,,,,,,,11,11,15,
bea_v_spline_accurate,comp_0001_seg_0044,comp_0001,descent,1766853690.0,1766853730.0,40.0,41,3277,3317,comp_0001_bnd_0043,comp_0001_bnd_0044,31.444500711241268,31.405148951364083,1.5726551821324573,24.334948149527897,49.644407268425354,83.37645974746111,24.260758920900848,49.63944875411601,83.36530378465355,1.0551467024197336,2.8655532959739958,3.236757716115335,0.3863348346485351,0.7516102469878618,0.777877930241184,0.10481549826185851,0.1745465246387459,0.5280326594956782,0.0,87.34229128068161,excellent_trajectory_model_for_reference_free_derivative_analysis,False,approach_final,95.8422576056508,100.0,86.50762730002185,100.0,100.0,0.0,100.0,1.6663141518894449,2.9421475909214165,23.196781964481573,0.4725532268988512,0.0004373691730554729,0.01091971513361865,0.09829217474324523,1.5439828337666185e-05,0.7071818943136898,0.045104445483844416,0.0002561168746627784,5.687351636962192e-05,36.899367197624144,36.58477465589423,0.022975812013903196,0.13444444444444442,local_tuning_candidate:transition_flexible_low_velocity;base=steady_airborne_default,12750.0,0.85,0.033249999999999995,3.5,5.25,0.02,0.18,,,,5.25,,,,,,,,,11,11,11,
bea_v_spline_accurate,comp_0001_seg_0045,comp_0001,descent__turn_left_slow,1766853730.0,1766853807.0,77.0,67,3317,3383,comp_0001_bnd_0044,comp_0001_bnd_0045,27.20765790907177,27.123829032852026,2.134138583524756,25.64385413776916,46.178407561559865,52.88340527213057,25.52688048652303,46.162197403345715,52.705287395818104,1.3670659267243082,4.08952099252269,5.683669304027603,2.300918465334886,4.096058873848691,4.214766770097021,0.3088606322868244,0.5958630483474289,1.7621888666167929,0.0,98.10371935202464,excellent_trajectory_model_for_reference_free_derivative_analysis,False,approach_final,98.57570457479241,100.0,89.21646751905958,100.0,100.0,100.0,100.0,5.294167046173138,11.396838254700747,20.797547946243043,1.905055174633009,0.0022894146619430017,0.04327183716114515,2.4107982737341405,0.0004979135966739356,4.138288201996783,0.9111398389523074,0.0011097066849911654,0.00022538295175166404,32.25130915527629,31.875856397802394,0.256546693264614,0.11890606420927469,local_tuning_candidate:policy_base;base=turn_or_transition_more_knots_shared_boundary_velocity,3500.0,1.0,0.035,4.0,5.5,0.02,0.18,,,,5.5,,,,,,,,,11,11,15,
bea_v_spline_accurate,comp_0001_seg_0046,comp_0001,energy_constant__turn_left_slow,1766853807.0,1766853835.0,28.0,29,3383,3411,comp_0001_bnd_0045,comp_0001_bnd_0046,16.518305710758163,16.269338623883222,2.8571041800199204,13.390969852823403,29.042783977802724,36.1110042546345,12.339080329399687,28.973678600929546,36.094936715834905,1.3562575692385508,5.996678596464062,6.137891021390601,2.1714216126694255,5.348444771089227,7.567769933387358,0.40547310987165675,0.8615547983621205,1.0697070961043078,0.0,92.49033770858514,excellent_trajectory_model_for_reference_free_derivative_analysis,False,airborne,100.0,100.0,93.7224785424861,100.0,100.0,34.94741141787355,100.0,2.3833458517658537,3.5794392147832323,16.775578235573096,1.0376986728510014,0.0018986456793914329,0.032387972501002255,0.8897290282181957,0.00019666479973690806,1.2565578981682548,0.17435801082825858,0.0007875068404906354,0.00016868735678209813,19.99347831999586,19.591720202699687,0.23158066516267478,0.06518786781349026,local_tuning_candidate:short_transition_strong_derivative_guard;base=turn_or_transition_more_knots_shared_boundary_velocity,8400.0,2.4,0.0135,6.4,9.9,0.02,0.18,,,,9.9,,,,,,,,,11,11,6,
bea_v_spline_accurate,comp_0001_seg_0047,comp_0001,level_decel,1766853835.0,1766853953.0,118.0,119,3411,3529,comp_0001_bnd_0046,comp_0001_bnd_0047,15.700098028118513,15.608301835510465,1.6952851984640707,11.161518745254588,29.277332208556224,37.39833904768345,11.064262559425819,29.27710684829288,37.26096187855004,0.7281670096530206,3.6230524676244373,5.52957717813797,0.4222386763752647,0.9790679200939368,1.652102374095503,0.13288148215412865,0.22957901174067882,1.0670959106374045,0.0,94.31490703187268,excellent_trajectory_model_for_reference_free_derivative_analysis,False,airborne,100.0,100.0,92.63123334663737,100.0,100.0,54.93909696410683,100.0,1.4727963848366992,2.9696048196293745,17.72331547397527,0.9939989881874671,0.0005854201288752633,0.009102592523621299,0.18151680151900185,4.431841870970438e-05,0.3648360160385378,0.22833556180308842,0.0002233264880589464,4.741117662622656e-05,19.067547579222563,18.95800156316591,0.0348086836204418,0.07473733243620932,local_tuning_candidate:policy_base;base=steady_airborne_default,15000.0,1.0,0.035,5.0,7.0,0.02,0.18,,,,7.0,,,,,,,,,8,8,19,
bea_v_spline_accurate,comp_0001_seg_0048,comp_0001,descent,1766853953.0,1766854176.0,223.0,199,3529,3727,comp_0001_bnd_0047,,14.31946765882248,14.195830559314079,1.8776444720200591,9.869216943241712,26.055748960094643,48.330697516281816,9.660383050629568,25.798707791014024,48.25958790432609,1.038758713416211,3.8116538898948873,5.7645200072900025,0.22135959028453414,0.45352586284532226,0.6445342924567383,0.04364012198292902,0.07090123950286731,0.3369829105167754,0.0,93.3509253887243,excellent_trajectory_model_for_reference_free_derivative_analysis,False,approach_final,100.0,100.0,96.22559741146483,100.0,100.0,39.54829802889919,100.0,1.7811699338164781,2.911066590278682,14.623058924516823,1.0008793039944888,0.0005339268089440777,0.010939757630472318,0.09573130449738428,2.4628550809831663e-05,0.3864783406990575,0.18678040467802778,0.00017666859164267766,5.697939203420106e-05,17.506972691846734,17.422646690991993,0.007313111955677367,0.07701288889906367,local_tuning_candidate:policy_base;base=steady_airborne_default,15000.0,1.0,0.035,5.0,7.0,0.02,0.18,,,,7.0,,,,,,,,,8,8,29,
bea_v_spline_smooth,comp_0001_seg_0001,comp_0001,descent,1766850172.0,1766850398.0,226.0,227,0,226,,comp_0001_bnd_0001,40.074661563693596,40.01827404888828,2.1251450756725667,26.59912453429948,79.35650707004207,112.26928681670995,26.466150259877686,79.30160763416725,112.25331336408875,1.2973686505392834,4.1376579220752765,6.652926325396038,0.132086196700104,0.29395012879519994,0.4383255384266684,0.01622354257389579,0.04416302229799626,0.07130512453838643,0.0,89.49863787095939,excellent_trajectory_model_for_reference_free_derivative_analysis,False,approach_final,90.27441189439122,100.0,79.86770810694605,100.0,100.0,38.86875146521053,100.0,1.9068326940500855,4.654706297105856,29.042642180979044,0.5535196240566294,9.72755675427611e-05,0.0032587179931651464,0.009870655430370254,1.4254903979596093e-06,0.19555681558899554,0.18494562895606842,6.053631509898716e-05,1.697313560818317e-05,69.92066549078422,69.82961845684345,0.011323850549755285,0.07972318339100345,local_tuning_candidate:policy_base;base=steady_airborne_default,62000.0,1.0,0.052,5.0,7.0,0.002,0.08,,,,7.0,,,,,,,,,8,8,36,
bea_v_spline_smooth,comp_0001_seg_0002,comp_0001,descent,1766850398.0,1766850763.0,365.0,366,226,591,comp_0001_bnd_0001,comp_0001_bnd_0002,21.229122358179485,21.119924923505796,2.150443517982939,16.288035768358533,38.4784163331381,53.35734720389134,16.103349913613354,38.35944717367747,53.04168339187759,1.3978890480567543,4.11250062116801,7.461358123780428,0.20589761707384371,0.42295979676798245,0.6252240666375801,0.020247868870091695,0.05371544601200659,0.07022356873414466,0.0,97.99720126289183,excellent_trajectory_model_for_reference_free_derivative_analysis,False,approach_final,100.0,100.0,87.48250789307393,100.0,100.0,100.0,100.0,1.043262138935304,1.970330580167531,22.30358561937121,0.655076529985119,0.0001687893293513407,0.003216249572345114,0.0852439508265787,1.758972242774831e-05,0.36771772381470924,0.4545994170069345,8.766394427374335e-05,1.675345207503675e-05,36.09858183617112,35.990343082661916,0.02737803609494805,0.08086071741425395,local_tuning_candidate:policy_base;base=steady_airborne_default,62000.0,1.0,0.052,5.0,7.0,0.002,0.08,,,,7.0,,,,,,,,,8,8,60,
bea_v_spline_smooth,comp_0001_seg_0003,comp_0001,descent,1766850763.0,1766851029.0,266.0,265,591,855,comp_0001_bnd_0002,comp_0001_bnd_0003,16.975356851488247,16.827296302512174,2.237149834684528,12.40636430482781,32.191940082809566,46.19345898527763,12.367120154381915,32.01702141346386,45.85078954340918,1.1505960385894696,4.34100447097205,9.500523023626329,0.3930253549884069,0.65974885431528,1.938581719252581,0.06053941343386659,0.1593321459325944,0.31283023411988303,0.0,96.55178849053374,excellent_trajectory_model_for_reference_free_derivative_analysis,False,approach_final,100.0,100.0,95.73549795660811,100.0,100.0,72.34108817476428,100.0,1.8767678043452831,3.174701644295336,15.024959818677722,1.1744663530492978,0.0007837200739734486,0.011503686218866455,0.041983501133953396,9.792284185122607e-06,0.418978494262449,0.27532093807186353,0.00026609119209086035,5.9923214392752936e-05,29.385182699150523,29.20513685730685,0.10105912733215847,0.07898671451151267,local_tuning_candidate:policy_base;base=steady_airborne_default,62000.0,1.0,0.052,5.0,7.0,0.002,0.08,,,,7.0,,,,,,,,,8,8,43,
bea_v_spline_smooth,comp_0001_seg_0004,comp_0001,climb,1766851029.0,1766851074.0,45.0,26,855,880,comp_0001_bnd_0003,comp_0001_bnd_0004,26.749260174198472,21.598560837182458,15.78052881336645,21.630113978649277,44.162092924349054,52.15877753351609,16.210004294513702,35.243595647610825,41.314344048945465,10.866140920489727,29.77019656560175,31.838075469415344,0.9013339358852378,1.424248264286873,1.699028960010909,0.15204876488052932,0.3510307484421734,0.5573640952831798,0.0,97.0742498262405,excellent_trajectory_model_for_reference_free_derivative_analysis,False,airborne,98.87144504890422,99.68447501783054,86.97490547020074,100.0,100.0,93.50486041930361,100.0,3.9257451568659025,6.217052957032577,20.86649978575391,0.7593754531682122,0.001074863354052382,0.009191591298262802,0.20663938500582074,4.8669629412154264e-05,1.4491634334719068,0.33246312313211973,0.00039645155726686175,4.787287134345566e-05,44.56918818376874,43.94982517168632,0.533809129087176,0.053254437869822494,local_tuning_candidate:high_smoothing_same_knots;base=steady_airborne_default,155000.0,2.5,0.036399999999999995,5.0,8.4,0.004,0.128,,,,8.4,,,,,,,,,10,10,9,
bea_v_spline_smooth,comp_0001_seg_0005,comp_0001,descent,1766851074.0,1766851097.0,23.0,22,880,901,comp_0001_bnd_0004,comp_0001_bnd_0005,25.920810393150465,24.418792729349814,8.695457036792824,22.7632924968061,38.9228919487956,41.89372150042753,22.051638919506853,38.175676958471776,41.07742619488107,5.193454109186746,15.69037773009901,16.61806803187244,0.7806884009584041,1.428604184680636,2.2231921335040488,0.15947388719411998,0.3398195073454019,0.6825033800243758,0.0,93.18813692842615,excellent_trajectory_model_for_reference_free_derivative_analysis,False,approach_final,99.40592877861259,100.0,93.6231000107872,100.0,100.0,42.79729473266677,100.0,2.3594014907329335,3.165317861747482,16.253439278325043,0.6492254037448696,0.0010554932741298595,0.010336358860930712,0.20535292795645704,4.757295035330276e-05,1.090724814012394,0.19555269577820028,0.00043237458006078024,5.383520240413202e-05,42.014340077354575,41.45191585550176,0.40532275522831523,0.07668639053254439,local_tuning_candidate:policy_base;base=steady_airborne_default,62000.0,1.0,0.052,5.0,7.0,0.002,0.08,,,,7.0,,,,,,,,,10,10,9,
bea_v_spline_smooth,comp_0001_seg_0006,comp_0001,level_accel,1766851097.0,1766851119.0,22.0,21,901,921,comp_0001_bnd_0005,comp_0001_bnd_0006,24.52353261727974,24.21123556988264,3.901246494446756,16.0145372572211,44.30874592218898,58.511880275442316,15.063801622595388,44.052970385183016,58.435499188141215,4.38756563174104,6.014038777815699,6.40336805523566,0.670313866110355,1.3067679946216166,2.048873170089803,0.11984045471508827,0.2837490345067909,0.4025335007239815,0.0,88.63426544496551,excellent_trajectory_model_for_reference_free_derivative_analysis,False,airborne,100.0,100.0,89.79208027503388,100.0,100.0,2.6753260096008558,100.0,2.5289082165113945,3.8214543195350132,20.261654704590246,0.7760778622264557,0.000461445596892375,0.00547895819707877,0.06833344310040385,1.4133822068099222e-05,0.6467777477726003,0.08722338022592231,0.00020601086620805297,2.8536240614952512e-05,41.88093603893224,41.46662328867166,0.36627371854731533,0.048039031713267025,local_tuning_candidate:high_smoothing_same_knots;base=steady_airborne_default,155000.0,2.5,0.036399999999999995,5.0,8.4,0.004,0.128,,,,8.4,,,,,,,,,8,8,8,
bea_v_spline_smooth,comp_0001_seg_0007,comp_0001,energy_constant,1766851119.0,1766851223.0,104.0,102,921,1022,comp_0001_bnd_0006,comp_0001_bnd_0007,37.611340156318846,37.575400397881026,1.6438349349144104,22.799554708768976,70.59665680813673,106.13800869578648,22.762702056510346,70.55134065992344,106.13606300790332,0.9550172986673147,3.4231011563696767,5.909119774427268,0.46344659615792316,1.197108755662678,1.7293370246921504,0.06729281974552884,0.12471241403615128,0.4181499853535885,0.0,88.52907898277662,excellent_trajectory_model_for_reference_free_derivative_analysis,False,airborne,91.86365151205236,100.0,88.646728933042,100.0,100.0,13.219641720436117,100.0,1.7840635364900912,3.1551570300768117,21.257599107698557,0.8408676989822653,0.0002567721350464681,0.0034425754478418684,0.1097603328065289,1.9322763760741577e-05,0.46848800212981245,0.11569303264517751,0.00012970751334386203,1.793008046734483e-05,65.19271514389004,64.6241180302343,0.5301503624062219,0.03844675124951941,local_tuning_candidate:policy_base;base=energy_constant_segment_smoothest_airborne_policy,88000.0,1.0,0.038,7.0,10.0,0.006,0.12,,,,10.0,,,,,,,,,8,8,15,
bea_v_spline_smooth,comp_0001_seg_0008,comp_0001,level_accel__turn_left_slow,1766851223.0,1766851315.0,92.0,83,1022,1104,comp_0001_bnd_0007,comp_0001_bnd_0008,67.58389610649996,67.56634478742184,1.5401509670854565,64.80698109669434,96.89327056315898,107.62356852134238,64.7911825015058,96.89325042636891,107.6224368535884,0.36010871181383663,3.3418051155439565,6.068750677750813,2.393180724170388,4.075419170611866,4.091332275081285,0.15644051253629354,0.21721504232659838,0.7672413665943648,0.0,94.9914296796227,excellent_trajectory_model_for_reference_free_derivative_analysis,False,airborne,72.52651864096777,100.0,89.30154651691598,100.0,100.0,100.0,100.0,6.3823846516885725,11.36904033944645,20.676443642900217,1.5290432820922017,0.0016705165790129903,0.03131353983711386,2.6123173041514334,0.0005171972673029331,4.085030530746382,0.9440758877356973,0.0008506784179936052,0.00016312261783966504,108.28725406354627,106.93802590747033,1.2198352675090982,0.12939288856684436,local_tuning_candidate:policy_base;base=turn_or_transition_more_knots_shared_boundary_velocity,11500.0,1.0,0.054,4.0,5.5,0.004,0.08,,,,5.5,,,,,,,,,8,8,25,
bea_v_spline_smooth,comp_0001_seg_0009,comp_0001,energy_constant,1766851315.0,1766851392.0,77.0,77,1104,1180,comp_0001_bnd_0008,comp_0001_bnd_0009,34.11101352300244,34.10838832300026,0.42318976106989964,28.56157669806092,60.271383443734145,70.87763296313824,28.561331515354393,60.27135318501695,70.87753816125195,0.0752580307299695,0.3770077159713083,3.4208527135047007,0.6351800527635422,1.4644146877685669,1.5793666279474488,0.06510535514736464,0.12655574288095695,0.19506854610220792,0.0,87.2762272287447,excellent_trajectory_model_for_reference_free_derivative_analysis,False,airborne,94.12192675935327,100.0,82.30066070468843,100.0,100.0,8.134903048721524,100.0,2.867716523703185,6.0620789581060555,26.857041553044233,0.8237242164636681,0.00042731486072930145,0.005681105947358152,0.27507613627286626,3.975206061743411e-05,0.5833347797808932,0.10196423823154811,0.00026189336765696983,2.958909346971504e-05,58.11658998539444,57.09941144521445,0.9820222901799919,0.03515625,local_tuning_candidate:policy_base;base=energy_constant_segment_smoothest_airborne_policy,88000.0,1.0,0.038,7.0,10.0,0.006,0.12,,,,10.0,,,,,,,,,8,8,12,
bea_v_spline_smooth,comp_0001_seg_0010,comp_0001,level_accel__turn_left_slow,1766851392.0,1766851445.0,53.0,51,1180,1230,comp_0001_bnd_0009,comp_0001_bnd_0010,147.01879194209144,147.01356302916562,1.2399474107847064,122.04904739593867,238.5540004219424,249.3025024749449,122.04904646811303,238.5531287079841,249.30249531209583,0.7146979278010122,2.821434931339752,3.769482014871869,1.322692633158,2.4639965743570373,2.5243490594556,0.11698204503633727,0.2223301046001374,0.6540517270466424,0.0,86.76254497686213,excellent_trajectory_model_for_reference_free_derivative_analysis,False,airborne,21.27819874703778,97.89590809908557,78.67436043363858,100.0,100.0,100.0,100.0,11.721529737111815,19.770895012260315,30.077414079890342,4.262774710506172,0.0009311627806050199,0.02373288738256658,1.223239200566821,0.00018525660555746386,2.507745076840455,0.6346394126792091,0.0005843910587510284,0.00012362397998575097,240.20507960796965,239.65877049117455,0.37369783463579015,0.11982248520710058,local_tuning_candidate:policy_base;base=turn_or_transition_more_knots_shared_boundary_velocity,11500.0,1.0,0.054,4.0,5.5,0.004,0.08,,,,5.5,,,,,,,,,10,10,18,
bea_v_spline_smooth,comp_0001_seg_0011,comp_0001,energy_constant,1766851445.0,1766851506.0,61.0,53,1230,1282,comp_0001_bnd_0010,comp_0001_bnd_0011,51.073201948774695,50.85834062139293,4.679866081278046,41.671255826261856,95.13491403976566,100.63289944367334,41.3998849943025,94.91007291147041,100.3785366170367,4.337943362401347,8.019237684805262,8.943131288464315,0.3881823465774622,0.7223668715957201,1.190027659180821,0.05577385680270629,0.1437694466218114,0.21930080815409436,0.0,85.16907172423329,excellent_trajectory_model_for_reference_free_derivative_analysis,False,airborne,83.17857938788731,100.0,78.34495766835623,100.0,100.0,6.524489707497985,100.0,1.8245259604029478,2.837711580280158,30.402342002827808,0.30598420800997883,0.00013351445888522146,0.0017061802409569326,0.12401005579978534,1.640742441519394e-05,0.2973525904722086,0.09761612221024456,8.962260046998645e-05,8.88635542025392e-06,86.93491309741843,86.53541129472156,0.371724024919106,0.027777777777777776,local_tuning_candidate:smooth_derivatives;base=energy_constant_segment_smoothest_airborne_policy,123199.99999999999,1.4,0.0266,8.049999999999999,12.0,0.013200000000000002,0.18,,,,12.0,,,,,,,,,8,8,9,
bea_v_spline_smooth,comp_0001_seg_0012,comp_0001,level_decel,1766851506.0,1766851571.0,65.0,64,1282,1345,comp_0001_bnd_0011,comp_0001_bnd_0012,35.37831792564981,35.33263626429119,1.7972740090620232,24.092013734098252,65.44335929871986,76.88122672479435,24.017655635020624,65.43949642877529,76.87925064529364,0.8746074351556103,3.1410086453761834,6.267498478303423,0.38164429839886244,0.5371730550259901,3.0009223330977095,0.17037568165850714,0.18967463627316275,1.3838351631323198,0.0,87.19968915824039,excellent_trajectory_model_for_reference_free_derivative_analysis,False,airborne,93.3043110157098,100.0,77.87796975015968,100.0,100.0,15.426966763296583,100.0,1.4988903590019311,2.7190733590931875,30.78301439821266,0.5974352213880546,0.000287585203950377,0.008509097638196473,0.045581441328398156,7.187157047070244e-06,0.392346739223875,0.12165281026090077,0.00017302211751885917,4.431821686368867e-05,60.22500156526321,60.0055371838676,0.13783172833438095,0.08163265306122448,local_tuning_candidate:policy_base;base=steady_airborne_default,62000.0,1.0,0.052,5.0,7.0,0.002,0.08,,,,7.0,,,,,,,,,8,8,16,
bea_v_spline_smooth,comp_0001_seg_0013,comp_0001,energy_constant,1766851571.0,1766851621.0,50.0,50,1345,1394,comp_0001_bnd_0012,comp_0001_bnd_0013,27.114738460936696,26.626772410148913,5.120940618981283,14.410711804311472,54.610055357999805,72.87755806986922,14.072054948113253,54.173716020388966,72.19404897552302,3.630650366960424,10.067892787393754,10.158720390980875,1.1396324998515703,2.670749707873253,3.7326561233398508,0.09034855517245678,0.18487590427018566,0.22761766862683147,0.0,87.07086146581021,excellent_trajectory_model_for_reference_free_derivative_analysis,False,airborne,98.63565260584728,100.0,82.71614470692833,100.0,100.0,0.0,100.0,2.2608198987157837,3.6701942493816673,26.53114086138828,0.5967581012139647,0.00019907600012059588,0.0024511901040541236,0.15644043829497656,2.5107195110692365e-05,0.4108608408874681,0.06342389796397482,0.0001142888184761935,1.2766615125284808e-05,50.550211248141906,47.39316083272085,3.1434770343295266,0.013573381091526063,local_tuning_candidate:very_smooth_velocity_light;base=energy_constant_segment_smoothest_airborne_policy,281600.0,3.2,0.011399999999999999,11.200000000000001,16.0,0.015,0.216,,,,16.0,,,,,,,,,8,8,6,
bea_v_spline_smooth,comp_0001_seg_0014,comp_0001,level_decel__turn_left_slow,1766851621.0,1766851652.0,31.0,29,1394,1422,comp_0001_bnd_0013,comp_0001_bnd_0014,38.899142180408354,38.47203515574691,5.748545324392839,32.522674984982835,68.81284322899297,74.96684896225133,32.512024926435664,68.15108085484246,74.46561851862096,5.6644614096474015,9.854704593047973,9.901371877918905,2.6175133495351957,5.000768258522315,5.0938407429148365,0.3445575181045589,0.7448055737809023,1.1345921989059384,0.0,97.42031277916769,excellent_trajectory_model_for_reference_free_derivative_analysis,False,airborne,91.03281149651075,100.0,90.60234624741489,100.0,100.0,100.0,100.0,5.721243485598756,8.683710058045403,19.526019229650444,2.3769682244847745,0.0019362955396090762,0.020800805713811533,2.680638173842528,0.00043890505971000724,5.011878783088599,0.707121594530932,0.0011357391860912112,0.00010833752976851226,66.56200543110602,64.99325736654237,1.4747477417542696,0.04938271604938271,local_tuning_candidate:short_transition_sparse_low_velocity;base=turn_or_transition_more_knots_shared_boundary_velocity,18400.0,1.6,0.0108,5.4,8.25,0.0096,0.128,,,,8.25,,,,,,,,,10,10,9,
bea_v_spline_smooth,comp_0001_seg_0015,comp_0001,level_decel__turn_left_slow,1766851652.0,1766851671.0,19.0,16,1422,1437,comp_0001_bnd_0014,comp_0001_bnd_0015,24.744986244695276,24.531901905451722,3.240390894853999,20.416911460818255,41.67355740925809,48.74889616234276,20.118045049295773,41.55725424167963,48.61377215350307,2.59080988179187,5.2186190005818105,6.344593072365001,2.6413726423090647,4.540426218976713,4.575516833041596,0.4033427882716753,0.703286007854666,2.174311824517606,0.0,98.52345026302002,excellent_trajectory_model_for_reference_free_derivative_analysis,False,airborne,100.0,100.0,90.77156414387504,100.0,100.0,100.0,100.0,6.770857358944317,10.94938506499029,19.41379324982241,1.5662634139290263,0.0024421449418206625,0.04215166161471917,2.4579119321032086,0.0004041940442708611,4.565374341940663,0.6799540598351964,0.0013843339063600941,0.00021957186144921605,42.64071785424776,40.8656107797525,1.5089995000299812,0.12456747404844293,local_tuning_candidate:policy_base;base=turn_or_transition_more_knots_shared_boundary_velocity,11500.0,1.0,0.054,4.0,5.5,0.004,0.08,,,,5.5,,,,,,,,,10,10,12,
bea_v_spline_smooth,comp_0001_seg_0016,comp_0001,level_decel__turn_left_slow,1766851671.0,1766851690.0,19.0,19,1437,1455,comp_0001_bnd_0015,comp_0001_bnd_0016,19.45519488451912,18.967813209581298,4.327432268800071,12.583421925140495,34.08651639244106,46.748210913142245,12.319582394615875,33.522226225009916,46.67227638549727,3.5924156731900894,6.942555825811663,8.279242122871096,2.0886481551881557,3.8291175750862774,3.88972320801425,0.3968799158602723,0.8076778252311213,1.8752147466935731,0.0,88.60236247843339,excellent_trajectory_model_for_reference_free_derivative_analysis,False,airborne,100.0,100.0,80.75643594581273,100.0,100.0,16.813327271033316,100.0,2.490397127850265,3.334314340564326,28.266695047187593,0.6604204537569476,0.002436428918094661,0.06374249009512993,0.6804414570414374,0.00011219380976329703,1.5874701676751704,0.12539598363178994,0.0012666218216542007,0.00033204381457627516,33.87615033854413,32.64895485752422,0.9532103610565813,0.1283136556025841,local_tuning_candidate:policy_base;base=turn_or_transition_more_knots_shared_boundary_velocity,11500.0,1.0,0.054,4.0,5.5,0.004,0.08,,,,5.5,,,,,,,,,10,10,12,
bea_v_spline_smooth,comp_0001_seg_0017,comp_0001,level_decel__turn_left_slow,1766851690.0,1766851739.0,49.0,45,1455,1499,comp_0001_bnd_0016,comp_0001_bnd_0017,63.02388842527772,62.98655957274493,2.168830429266014,30.447790828294313,114.98171555150067,131.62206767018412,30.43390430276173,114.9772730266655,131.62204479098997,1.131941466229705,4.485689664575986,6.869152722820786,1.832690725406146,2.9644313307483956,3.1055132183274115,0.2238686957072854,0.4640150047741258,0.7860282473942768,0.0,95.6709147134951,excellent_trajectory_model_for_reference_free_derivative_analysis,False,airborne,75.46845908046599,100.0,91.34187264899475,100.0,100.0,100.0,100.0,7.179346797149084,12.978828608331508,18.8526534645871,2.9170607549465997,0.002055982724332049,0.03611834075796029,2.014794067352471,0.00043515434937869035,2.948595600313582,0.7920105811639959,0.0009080024224965361,0.00018811635812407648,107.29572240996426,106.38320746677783,0.7215656549606896,0.1254340277777778,local_tuning_candidate:policy_base;base=turn_or_transition_more_knots_shared_boundary_velocity,11500.0,1.0,0.054,4.0,5.5,0.004,0.08,,,,5.5,,,,,,,,,10,10,17,
bea_v_spline_smooth,comp_0001_seg_0018,comp_0001,level_decel__turn_left_medium,1766851739.0,1766851754.0,15.0,14,1499,1512,comp_0001_bnd_0017,comp_0001_bnd_0018,25.08658888436861,24.94960798358476,2.6180151486899863,26.340120249100508,34.91730555311275,34.963794457416654,26.317944787454252,34.87039107733647,34.87470415329828,1.3432113386472793,4.920304511497356,7.211624107142484,1.8368482770457242,3.3858503612619613,3.4810862703409597,0.35209928256162853,0.6371346417199653,1.241591735331923,0.0,98.53224835947857,excellent_trajectory_model_for_reference_free_derivative_analysis,False,airborne,99.94413620363315,100.0,90.86845009401618,100.0,100.0,100.0,100.0,7.134993416144879,11.913222883843833,19.277964098452262,4.02493004564638,0.004004578664881905,0.050396677061185995,2.725494157671451,0.0006979509150215975,3.4740712665948594,0.5056503413078993,0.001415069108083996,0.0002624826930320382,40.31447327141061,39.32319106096739,0.7376055564070975,0.1145562130177515,local_tuning_candidate:policy_base;base=turn_or_transition_more_knots_shared_boundary_velocity,11500.0,1.0,0.054,4.0,5.5,0.004,0.08,,,,5.5,,,,,,,,,10,10,11,
bea_v_spline_smooth,comp_0001_seg_0019,comp_0001,level_decel__turn_left_slow,1766851754.0,1766851790.0,36.0,37,1512,1548,comp_0001_bnd_0018,comp_0001_bnd_0019,14.896075560811335,14.622906605138017,2.8396601083248827,12.008865087162706,26.43878943628107,35.30558881184005,11.47018572562022,25.753252375985806,34.694312292270496,1.0323572174457922,7.080751160836302,7.5322066348792305,1.1158351986153996,2.680312458037742,2.833422618417951,0.14968654925006628,0.30785570480929586,0.6487811012366674,0.0,99.07321564829303,excellent_trajectory_model_for_reference_free_derivative_analysis,False,airborne,100.0,100.0,99.51963823111329,100.0,100.0,91.5007353131489,100.0,1.9300297344801909,2.5397781067391163,11.126541017301266,1.2577683408016576,0.0019410761086532647,0.023024149697487905,0.945845364928614,0.00024126303988985013,1.1420188221106689,0.327051985345502,0.0006758805861038016,0.00011991744634646486,25.48482887499207,25.06793426916522,0.26814733352753345,0.08345679012345678,local_tuning_candidate:smooth_derivatives;base=turn_or_transition_more_knots_shared_boundary_velocity,16099.999999999998,1.4,0.0378,4.6,6.6,0.0088,0.12,,,,6.6,,,,,,,,,10,10,13,
bea_v_spline_smooth,comp_0001_seg_0020,comp_0001,descent,1766851790.0,1766851992.0,202.0,202,1548,1749,comp_0001_bnd_0019,comp_0001_bnd_0020,17.190306097731632,17.107032187497374,1.6899921507622968,13.389457132219775,32.22826382006104,50.44835898463659,13.317099479583122,32.213261010294744,50.44794177009251,0.8420976179707509,3.7061559175274503,4.970430904195155,0.22712028372230514,0.4437993640391624,1.135925587613069,0.058890954715035096,0.08973673496601804,0.4833135778064323,0.0,92.63864395407448,excellent_trajectory_model_for_reference_free_derivative_analysis,False,approach_final,100.0,100.0,97.53009678024588,100.0,100.0,30.338284692351223,100.0,1.6734371491119482,3.4889360282429553,13.418488277954621,0.972135420969174,0.0006639491857551566,0.012000767846213846,0.11342972219485901,3.076613859070531e-05,0.31251985535156146,0.1619133686693483,0.0002181588726723919,6.251349638589397e-05,29.68643476688141,29.573911249723885,0.03509440562633323,0.07742911153119093,local_tuning_candidate:policy_base;base=steady_airborne_default,62000.0,1.0,0.052,5.0,7.0,0.002,0.08,,,,7.0,,,,,,,,,8,8,32,
bea_v_spline_smooth,comp_0001_seg_0021,comp_0001,climb,1766851992.0,1766852025.0,33.0,32,1749,1780,comp_0001_bnd_0020,comp_0001_bnd_0021,52.87273838442558,45.58914545095281,26.77977373541043,44.94140802196147,82.31919003168916,87.60277211519197,40.44462001600089,77.161992635424,77.95712734069023,10.600411248019213,51.68851072715708,56.96567855807649,1.287178131397985,3.100075741368643,4.651747911825717,0.19233059161649338,0.460713762987152,0.5576434660333282,0.0,95.06418362425006,excellent_trajectory_model_for_reference_free_derivative_analysis,False,airborne,82.01758813908026,97.49390664466405,88.49279200616802,100.0,98.42015520608757,97.35501401681742,100.0,8.448661049850699,11.791080165666783,18.621394255660285,1.9177227085161097,0.0037392700860727685,0.02091143869404355,0.11556782605189386,2.958199990184538e-05,3.775048821436926,0.342858537845407,0.0013073884862495274,0.00010891374319440171,86.53299835318113,85.3063581996807,1.0825642607304238,0.07787993510005409,local_tuning_candidate:policy_base;base=steady_airborne_default,62000.0,1.0,0.052,5.0,7.0,0.002,0.08,,,,7.0,,,,,,,,,10,10,6,
bea_v_spline_smooth,comp_0001_seg_0022,comp_0001,climb,1766852025.0,1766852040.0,15.0,8,1780,1787,comp_0001_bnd_0021,comp_0001_bnd_0022,20.09478178259467,19.928376291253688,2.5807117786177822,15.5682468437921,31.229790560070104,31.66295288091995,15.393820716149559,31.070377569221208,31.4886677285563,2.315841200736145,4.135018443678126,4.57517332375744,3.032770810592051,7.218008051880376,10.02074418902844,0.40479131576329463,0.8465015533501803,1.0259144615773763,0.0,94.17494649108531,excellent_trajectory_model_for_reference_free_derivative_analysis,False,airborne,100.0,100.0,100.0,100.0,100.0,41.74946491085288,100.0,2.5999262288286156,3.6256013159045803,8.021332062619251,1.7390939353866193,0.00155130398485018,0.007708899705345606,0.4229368624891438,0.00012163601934059161,0.885082831833838,0.19272355525930276,0.0005071893714811626,4.0150519293629595e-05,38.522191617509485,32.3687987426725,5.984840830921094,0.07438016528925619,local_tuning_candidate:policy_base;base=steady_airborne_default,62000.0,1.0,0.052,5.0,7.0,0.002,0.08,,,,7.0,,,,,,,,,10,10,6,
bea_v_spline_smooth,comp_0001_seg_0023,comp_0001,climb,1766852040.0,1766852077.0,37.0,13,1787,1799,comp_0001_bnd_0022,comp_0001_bnd_0023,51.11686868016472,50.987308511101126,3.637118977844876,49.91513935995417,78.3878422175805,78.47421718903745,49.8905441387468,78.08347219589653,78.10902851876399,2.6587137109110017,6.878857349223538,7.561906326260214,1.1815929346177134,2.6536642012625324,3.993943733428978,0.11712771819668828,0.2546153670645026,0.32476529022579465,0.0,95.96814621228708,excellent_trajectory_model_for_reference_free_derivative_analysis,False,airborne,83.15040730311954,100.0,93.171839844683,100.0,100.0,90.82602960763434,100.0,2.5935339978709635,4.057037933855583,17.311335106248627,2.0818493733746353,0.0004684279432943219,0.0032648205620880123,0.2435764993312996,6.903220791900524e-05,0.83121300217923,0.3252302799406127,0.000159927771923067,1.700427376206593e-05,83.05704039371005,82.03670576095388,0.9017749338306177,0.0672153635116598,local_tuning_candidate:policy_base;base=steady_airborne_default,62000.0,1.0,0.052,5.0,7.0,0.002,0.08,,,,7.0,,,,,,,,,10,10,7,
bea_v_spline_smooth,comp_0001_seg_0024,comp_0001,energy_constant,1766852077.0,1766852161.0,84.0,75,1799,1873,comp_0001_bnd_0023,comp_0001_bnd_0024,28.111838088701234,27.755657671936035,4.460819198718093,20.13275609136877,47.50838650365271,73.44986913374846,18.794503828344887,47.4356015226603,73.34030923149305,3.4168939644446255,8.720618053089515,9.663487043409305,0.5601025107670166,1.2043731005271163,1.2976064512390382,0.06849910560702012,0.13510532563211794,0.34520931397690857,0.0,91.8426654639985,excellent_trajectory_model_for_reference_free_derivative_analysis,False,airborne,97.99236252341856,100.0,85.18842135889794,100.0,100.0,44.53434543764585,100.0,1.9146215781415796,2.937776597488906,24.311214982395356,0.9117456832739026,0.0002583151132412262,0.0021141964278958585,0.18534575061251882,3.5870570006823284e-05,0.5914951874507547,0.20024273268164378,0.00012530811031251872,1.1011487240913904e-05,47.70080059342023,46.899015326528094,0.7681180671614741,0.03366719973066241,local_tuning_candidate:policy_base;base=energy_constant_segment_smoothest_airborne_policy,88000.0,1.0,0.038,7.0,10.0,0.006,0.12,,,,10.0,,,,,,,,,8,8,10,
bea_v_spline_smooth,comp_0001_seg_0025,comp_0001,level_accel__turn_right_slow,1766852161.0,1766852189.0,28.0,26,1873,1898,comp_0001_bnd_0024,comp_0001_bnd_0025,24.96504385205654,24.809157313840142,2.78552112040784,20.013354205040663,45.274259803140936,47.69727411903138,19.72658037822896,45.178355404322616,47.593518101547176,2.5005706492178774,4.404623906551876,4.4435327978710575,2.821718841479373,5.51392496260808,5.601267430061734,0.3342851174112109,0.6950172759081196,1.337301669038488,0.0,99.18673192319851,excellent_trajectory_model_for_reference_free_derivative_analysis,False,airborne,100.0,100.0,94.91707451999054,100.0,100.0,100.0,100.0,6.4305989410587765,9.747251324294734,15.678171435048426,0.9775840286559938,0.002431767158582376,0.02836217935987329,2.693837225516609,0.00043689538353066965,5.065417115725706,0.6708377548290616,0.0013773588886805475,0.00014771968416708303,43.84598681912156,41.96860955407842,1.7092839122949322,0.08604444444444445,local_tuning_candidate:high_smoothing_same_knots;base=turn_or_transition_more_knots_shared_boundary_velocity,28750.0,2.5,0.0378,4.0,6.6,0.008,0.128,,,,6.6,,,,,,,,,10,10,11,
bea_v_spline_smooth,comp_0001_seg_0026,comp_0001,climb__turn_right_slow,1766852189.0,1766852240.0,51.0,49,1898,1946,comp_0001_bnd_0025,comp_0001_bnd_0026,75.54213433894873,75.48660472913691,2.895957000858742,61.71341067252146,125.49138306150805,143.54417093587182,61.70847667472084,125.43216578542702,143.4521736052382,2.0721341299112055,5.011736269742663,9.198495489194102,2.71844196040197,5.185582489823477,5.405872895117541,0.17361168016683573,0.28646856042854246,0.30140893049730627,0.0,92.58007902894673,excellent_trajectory_model_for_reference_free_derivative_analysis,False,airborne,67.39217139422662,100.0,78.08136538524698,100.0,100.0,100.0,100.0,8.252939887901544,13.050497889023426,30.63033568270342,1.7172101879613193,0.0015210370182215977,0.03993575621946688,2.666409372850847,0.00042409252998626076,5.347920048905868,0.7924162646673357,0.0010175618279488856,0.00020803480957742065,125.97177253700576,124.21355324396134,1.5736986793701104,0.12456747404844293,local_tuning_candidate:policy_base;base=turn_or_transition_more_knots_shared_boundary_velocity,11500.0,1.0,0.054,4.0,5.5,0.004,0.08,,,,5.5,,,,,,,,,10,10,18,
bea_v_spline_smooth,comp_0001_seg_0027,comp_0001,climb,1766852240.0,1766852266.0,26.0,27,1946,1972,comp_0001_bnd_0026,comp_0001_bnd_0027,25.66297780503168,25.59120510575881,1.9179809844033098,13.177511815595025,54.316189530875235,57.896709915928994,13.05289648679127,54.20758323718853,57.8928677905967,1.4137249909231286,3.5193416240553232,4.58199760528646,0.8419113302438117,1.5893223665350782,1.6388321845145117,0.10479818035546942,0.16906245103111506,0.2606759008392638,0.0,86.31376997936594,excellent_trajectory_model_for_reference_free_derivative_analysis,False,airborne,99.57227238385052,100.0,77.28185808314919,100.0,100.0,0.0,100.0,2.4824295481355874,4.255622177188987,31.34042636399475,0.46851567654818166,0.0005517205702412374,0.011743870361100795,0.216565521507283,2.640663830718146e-05,0.8353362956300008,0.07800815437269906,0.00041325222654781146,6.116599148885135e-05,45.83121746204517,45.22097989143037,0.46023099547894936,0.07562500000000001,local_tuning_candidate:policy_base;base=steady_airborne_default,62000.0,1.0,0.052,5.0,7.0,0.002,0.08,,,,7.0,,,,,,,,,10,10,11,
bea_v_spline_smooth,comp_0001_seg_0028,comp_0001,climb__turn_left_slow,1766852266.0,1766852384.0,118.0,111,1972,2082,comp_0001_bnd_0027,comp_0001_bnd_0028,88.0775922867562,88.04227538393663,2.493994436866624,89.06986415894836,127.7131252086239,140.6586200175058,89.06571652848214,127.70893684707193,140.64656262906155,1.5456223234978097,4.932191308704773,8.22374962769618,2.045747578785301,3.8372053469974094,3.8809580335421416,0.08575373247796209,0.17255995465235352,0.19903981776334004,0.0,92.43982088327967,excellent_trajectory_model_for_reference_free_derivative_analysis,False,airborne,59.3047791698347,100.0,83.27029614312178,100.0,100.0,100.0,100.0,9.077094229808786,17.927351230640348,26.026436402386402,3.034114310442634,0.0008063537157924814,0.010412953258994717,1.7830701933358604,0.00025804683596947073,3.8617825419438128,0.9340939958597082,0.0005303541013706954,5.423525270125858e-05,140.73868801486873,139.7200676745973,0.8895371892082758,0.12908315106314316,local_tuning_candidate:policy_base;base=turn_or_transition_more_knots_shared_boundary_velocity,11500.0,1.0,0.054,4.0,5.5,0.004,0.08,,,,5.5,,,,,,,,,8,8,30,
bea_v_spline_smooth,comp_0001_seg_0029,comp_0001,climb,1766852384.0,1766852434.0,50.0,51,2082,2132,comp_0001_bnd_0028,comp_0001_bnd_0029,26.832070336984053,26.63119703662782,3.2770936765928687,15.400775477126889,48.264628084117916,71.19289306463682,15.061907894285614,47.874243907686676,71.12657852423149,2.212266864286903,5.895703891876565,8.339630947206842,0.4451491551047544,0.9816478493926819,1.0704389348790044,0.05661957581744859,0.10631665630115873,0.15271110015575107,0.0,88.26540207795898,excellent_trajectory_model_for_reference_free_derivative_analysis,False,airborne,98.81801913742964,100.0,87.41786373205828,100.0,100.0,4.203815843380883,100.0,2.126617580656318,3.7527129837530966,22.379237970676442,0.6588104149493543,0.0004186704746809274,0.009165641053712188,0.17125515130808558,2.7253818187932395e-05,0.5371783275593596,0.09135030277712838,0.00023589956738075276,4.774110369554466e-05,45.74185806872222,45.49062457812045,0.12874443880535377,0.08163265306122448,local_tuning_candidate:policy_base;base=steady_airborne_default,62000.0,1.0,0.052,5.0,7.0,0.002,0.08,,,,7.0,,,,,,,,,10,10,15,
bea_v_spline_smooth,comp_0001_seg_0030,comp_0001,energy_constant,1766852434.0,1766852464.0,30.0,31,2132,2162,comp_0001_bnd_0029,comp_0001_bnd_0030,20.988206340645892,20.981097492520192,0.5462173623122655,16.563161388495047,37.4542029095219,39.30265178994264,16.561481439846872,37.453419857593865,39.300961177155216,0.4284556057846203,1.0302938435063425,1.0620047665893253,0.8514221268373868,1.6695305252930297,1.7188695376706407,0.13953837674411257,0.3364537724623009,0.4622258720059618,0.0,87.16535723734172,excellent_trajectory_model_for_reference_free_derivative_analysis,False,airborne,100.0,100.0,82.28348273338568,100.0,100.0,0.0,100.0,2.0621222892972875,4.082248764165254,26.869441645610184,0.5561794448725339,0.00045036510266837363,0.007571559204930731,0.21198513908412517,3.325483143057089e-05,0.5475014542527927,0.06205729162994635,0.00026024886782295996,3.943730471460772e-05,36.957294166334584,35.11811995001895,1.8028930371773155,0.03628117913832199,local_tuning_candidate:policy_base;base=energy_constant_segment_smoothest_airborne_policy,88000.0,1.0,0.038,7.0,10.0,0.006,0.12,,,,10.0,,,,,,,,,8,8,8,
bea_v_spline_smooth,comp_0001_seg_0031,comp_0001,level_accel__turn_left_slow,1766852464.0,1766852585.0,121.0,105,2162,2266,comp_0001_bnd_0030,comp_0001_bnd_0031,40.85111465467885,40.82881857446714,1.3494970703798301,32.96407647107831,74.34193388251396,84.12646778615651,32.79029161151234,74.34193164419389,84.1264638463941,0.11066853617558081,3.234308777979913,4.052777245676225,2.2852225752679094,3.618639659410407,3.7887094246229296,0.1378856983609128,0.25141507430816995,0.371424152782473,0.0,97.25713464056078,excellent_trajectory_model_for_reference_free_derivative_analysis,False,airborne,89.77347441633623,100.0,90.52698569125263,100.0,100.0,100.0,100.0,5.700244081787772,9.593725617374226,19.581409796926465,1.0276662358339224,0.0011439812205890066,0.024339240565198598,1.9466393765088352,0.00031306926673889483,3.7061931098316014,0.9661664941871438,0.0007183234004881748,0.00012677265277768457,70.12390564886014,68.88243694428573,1.1116897608608278,0.1297789437135913,local_tuning_candidate:policy_base;base=turn_or_transition_more_knots_shared_boundary_velocity,11500.0,1.0,0.054,4.0,5.5,0.004,0.08,,,,5.5,,,,,,,,,8,8,29,
bea_v_spline_smooth,comp_0001_seg_0032,comp_0001,energy_constant,1766852585.0,1766852739.0,154.0,153,2266,2418,comp_0001_bnd_0031,comp_0001_bnd_0032,42.64219075497237,42.6395695328967,0.4728027418681817,34.846789923702794,76.4693245084475,102.53062187061002,34.846276445216446,76.46929381877389,102.53060432977466,0.2361660373844643,1.0981766307018008,1.344472835119177,0.4699618790223408,1.1587876198028615,1.2463299613153955,0.05043806174808389,0.11169796265865849,0.1720104131015137,0.0,85.25334479234391,excellent_trajectory_model_for_reference_free_derivative_analysis,False,airborne,88.61794144840492,100.0,78.8699488658456,100.0,100.0,0.0,100.0,1.4883553716219002,2.735530236003639,29.895842433877842,0.5725867436445733,0.00022391988713652995,0.003902306595017724,0.16384013708615644,2.1159799251922145e-05,0.43169838102545044,0.04641495633100732,0.00015772167993690665,2.032451351615215e-05,72.56192124933145,71.98400171288888,0.5383165563183098,0.03960298012425435,local_tuning_candidate:policy_base;base=energy_constant_segment_smoothest_airborne_policy,88000.0,1.0,0.038,7.0,10.0,0.006,0.12,,,,10.0,,,,,,,,,8,8,20,
bea_v_spline_smooth,comp_0001_seg_0033,comp_0001,descent__turn_right_slow,1766852739.0,1766852770.0,31.0,25,2418,2442,comp_0001_bnd_0032,comp_0001_bnd_0033,34.800715969582775,34.19290480347392,6.475731085842261,35.03203332320834,50.04765288502563,50.82179892140083,34.90515524164189,49.79155179887381,50.81823784481185,4.705544068322979,13.56683316735424,15.29285574900723,2.108970262086125,4.0403443031120645,4.100587798746166,0.18431461135215177,0.31184623447910875,0.5425409182340786,0.0,96.65187254132958,excellent_trajectory_model_for_reference_free_derivative_analysis,False,approach_final,93.67695743897886,100.0,83.81648530407566,100.0,100.0,100.0,100.0,4.135536783504725,6.543246927234474,25.554948264622492,1.3720183923995792,0.0013562891823817615,0.0244690820088267,1.8379709527627406,0.0002582988991092328,4.0924980888573455,0.5622387310457014,0.0009502464211428574,0.00012744962982194616,56.075941973191405,54.9920190300191,0.9499018848296059,0.07111111111111111,local_tuning_candidate:smoother;base=turn_or_transition_more_knots_shared_boundary_velocity,20700.0,1.8,0.0378,5.0,7.425000000000001,0.006,0.10400000000000001,,,,7.425000000000001,,,,,,,,,10,10,10,
bea_v_spline_smooth,comp_0001_seg_0034,comp_0001,level_decel__turn_right_slow,1766852770.0,1766852804.0,34.0,29,2442,2470,comp_0001_bnd_0033,comp_0001_bnd_0034,27.79155409498333,27.72766876859311,1.8833118896164973,20.333001748532695,52.451269511169045,55.5635965056416,20.308122766828127,52.400768873838146,55.5266896063435,1.3850576927716247,3.143127284431466,4.0767582360626875,2.0461781337056677,3.9033084153710673,3.9492985635299633,0.14444868582000872,0.2397110603286292,0.31927438189215407,0.0,97.51843276252315,excellent_trajectory_model_for_reference_free_derivative_analysis,False,airborne,98.19899735807527,100.0,85.84095674721308,100.0,100.0,100.0,100.0,3.053714851231345,5.891218728229577,23.721889414734743,1.2224941140922387,0.0012906027066992374,0.014696350364379862,1.754987107149939,0.00025106879426988366,3.779147761616092,0.5356974652714642,0.0007898514698140716,7.654625482181752e-05,48.28692547809188,47.27169591279597,0.8922531535055891,0.06746500252993758,local_tuning_candidate:smoother;base=turn_or_transition_more_knots_shared_boundary_velocity,20700.0,1.8,0.0378,5.0,7.425000000000001,0.006,0.10400000000000001,,,,7.425000000000001,,,,,,,,,10,10,10,
bea_v_spline_smooth,comp_0001_seg_0035,comp_0001,level_decel__turn_left_slow,1766852804.0,1766852947.0,143.0,132,2470,2601,comp_0001_bnd_0034,comp_0001_bnd_0035,26.277708928864786,26.26410107942319,0.8455655148961484,18.843818193062113,51.009659127702776,61.17148151255883,18.843806559549208,50.99666274052583,61.17148102861463,0.048232331240797066,2.0888255636446704,4.428884963007931,3.224219020886838,4.689674625647469,4.703044094768695,0.20344492484236476,0.26976262718711436,1.3295132178678384,0.0,97.36266845256111,excellent_trajectory_model_for_reference_free_derivative_analysis,False,airborne,99.1756716587969,100.0,84.13492408440915,100.0,100.0,100.0,100.0,6.279380481960101,9.177170103268834,25.231885573442696,0.7445582635399667,0.0011281096742125928,0.013049899181093285,1.84151896619586,0.0002279787486509302,4.693022641551025,0.9751120485722047,0.0007709563532067365,6.797062217506463e-05,47.50442029730964,45.24368446158781,2.2135848153136646,0.04715102040816326,local_tuning_candidate:wide_knots_low_velocity;base=turn_or_transition_more_knots_shared_boundary_velocity,23000.0,2.0,0.0162,5.8,8.8,0.008,0.12,,,,8.8,,,,,,,,,8,8,19,
bea_v_spline_smooth,comp_0001_seg_0036,comp_0001,level_decel__turn_left_slow,1766852947.0,1766852996.0,49.0,35,2601,2635,comp_0001_bnd_0035,comp_0001_bnd_0036,27.977651116567582,27.9481984780251,1.2834188066609855,21.469882036150526,47.237654978042315,52.120663620285846,21.469881582757843,47.14681544688995,52.08834355902302,0.136553397800526,3.356053843159225,3.5214759360596872,2.087109183788112,3.3913554634479897,3.491851003512182,0.1646987274640566,0.35125201512838755,0.5799821542702833,0.0,97.03669524813684,excellent_trajectory_model_for_reference_free_derivative_analysis,False,airborne,98.07893476350479,100.0,82.92014422822659,100.0,100.0,100.0,100.0,4.32389690533275,7.962342443036433,26.320837590161776,0.8381807507095902,0.001119619032946686,0.0210136137119486,1.5221800313873661,0.00024200089021184765,2.930269316121018,0.7247259875024387,0.0006069940673114532,0.00010944590474480525,47.27548184392382,46.161114461498116,0.9292458104649535,0.12168739859383451,local_tuning_candidate:policy_base;base=turn_or_transition_more_knots_shared_boundary_velocity,11500.0,1.0,0.054,4.0,5.5,0.004,0.08,,,,5.5,,,,,,,,,10,10,15,
bea_v_spline_smooth,comp_0001_seg_0037,comp_0001,energy_constant,1766852996.0,1766853063.0,67.0,64,2635,2698,comp_0001_bnd_0036,comp_0001_bnd_0037,29.67560416340492,29.67555714479218,0.05282621763053041,23.42279365074571,57.87492199454998,65.04391076716489,23.42270511692879,57.874894191061124,65.04390293408143,0.047945673484491635,0.08211838462152628,0.0826478273252178,0.5091236697627786,1.262687518701105,1.774694427510741,0.03494018159091789,0.07852214011397367,0.0957529568887338,0.0,87.7614321901425,excellent_trajectory_model_for_reference_free_derivative_analysis,False,airborne,96.98348118490004,100.0,85.13650236775491,100.0,100.0,5.015740691136881,100.0,1.789166525558988,2.8311860928207224,24.339788133082077,0.8757316190490739,0.0001324832622826453,0.0009916951173580735,0.11205761047601691,2.0607340045037644e-05,0.23284543930615634,0.09354249986606958,6.70618026940001e-05,5.165078738987852e-06,51.70062811337491,51.06176013318986,0.6260520314488497,0.012815948736205056,local_tuning_candidate:very_smooth_velocity_light;base=energy_constant_segment_smoothest_airborne_policy,281600.0,3.2,0.011399999999999999,11.200000000000001,16.0,0.015,0.216,,,,16.0,,,,,,,,,8,8,6,
bea_v_spline_smooth,comp_0001_seg_0038,comp_0001,level_accel__turn_left_slow,1766853063.0,1766853403.0,340.0,316,2698,3013,comp_0001_bnd_0037,comp_0001_bnd_0038,27.74826001788178,27.72094053109241,1.2310118161962098,20.884340750122163,48.92971250488031,78.12075210656553,20.880154564638545,48.92064894405211,78.12054351630147,0.3216268225685326,3.0816839802715776,5.786073091172966,2.887598007295389,4.693382943909743,5.009115726609795,0.1346360784616111,0.23522110928449527,0.36444415910868877,0.0,97.3360934607515,excellent_trajectory_model_for_reference_free_derivative_analysis,False,airborne,98.22692902072143,100.0,84.6803873641557,100.0,100.0,100.0,100.0,5.818035717137042,9.665964809166377,24.75320324159122,0.8625811649398791,0.0011553875873661704,0.014815530999359295,2.3662130696109362,0.0004356940871884471,4.777335968027497,0.9753320052010497,0.0007260746286270304,7.716422395419764e-05,48.758981592235706,46.91594107318698,1.7728871224088432,0.07015339663988314,local_tuning_candidate:smoother;base=turn_or_transition_more_knots_shared_boundary_velocity,20700.0,1.8,0.0378,5.0,7.425000000000001,0.006,0.10400000000000001,,,,7.425000000000001,,,,,,,,,8,8,49,
bea_v_spline_smooth,comp_0001_seg_0039,comp_0001,energy_constant,1766853403.0,1766853419.0,16.0,17,3013,3029,comp_0001_bnd_0038,comp_0001_bnd_0039,23.681598577896885,23.673809685049417,0.6073270953187649,12.548537923921083,51.88663430202621,54.49569595114906,12.534926899914925,51.88331333132464,54.48813798742061,0.48140495296775043,0.9603932761095166,0.970100126885427,0.7237850578590459,1.5251827630664045,2.176143375879731,0.10733581442343029,0.22893679373652612,0.31447384759295766,0.0,86.84526918289879,excellent_trajectory_model_for_reference_free_derivative_analysis,False,airborne,100.0,100.0,80.28293239311732,100.0,100.0,0.0,100.0,0.8346636099453665,1.6882377207840975,28.64316574095152,0.6034871478134876,0.00033073719438109206,0.005415796347523395,0.10733482919967374,1.7146181408213888e-05,0.25603858595361506,0.02534843397314077,0.0001884434535998822,2.8207272651654427e-05,43.51101938038522,42.17860722879013,1.294603509619783,0.03780864197530864,local_tuning_candidate:policy_base;base=energy_constant_segment_smoothest_airborne_policy,88000.0,1.0,0.038,7.0,10.0,0.006,0.12,,,,10.0,,,,,,,,,8,8,7,
bea_v_spline_smooth,comp_0001_seg_0040,comp_0001,descent,1766853419.0,1766853472.0,53.0,54,3029,3082,comp_0001_bnd_0039,comp_0001_bnd_0040,24.30173871031186,22.917453729630033,8.08485119804543,18.756438055901743,38.1974517869287,72.19187999284183,15.625016669910927,38.01398124215359,71.15566684193989,3.9518205937336006,16.09037252006069,17.557722161388483,0.6425975856460727,1.5366882662336243,1.601586659303662,0.08571805687420622,0.20420739732678408,0.395511834924884,0.0,87.56892853469539,excellent_trajectory_model_for_reference_free_derivative_analysis,False,approach_final,100.0,100.0,84.8058033418461,100.0,100.0,0.0,100.0,1.5972779084059257,2.3128065706503413,24.693602349127204,0.6451838598796111,0.0003091087149791668,0.0030512859234867527,0.2885796698862474,4.5322074911056366e-05,0.5694832332636566,0.0783823812747189,0.0001773671375579348,1.5892114173381588e-05,40.37236931010324,40.06208000106532,0.26868481169459735,0.02883588465646137,local_tuning_candidate:wide_knots_low_velocity;base=steady_airborne_default,124000.0,2.0,0.0156,7.25,11.200000000000001,0.004,0.12,,,,11.200000000000001,,,,,,,,,10,10,9,
bea_v_spline_smooth,comp_0001_seg_0041,comp_0001,descent__turn_left_slow,1766853472.0,1766853547.0,75.0,61,3082,3142,comp_0001_bnd_0040,comp_0001_bnd_0041,140.2099719578876,140.17782074426762,3.0024669556221886,153.58213818284628,193.2551853506612,215.4424493862325,153.51990053133375,193.22944975960772,215.4317398302746,1.679271221940553,6.513176712749555,8.729902029047707,2.142163618804073,3.8076289351983403,3.8339167517614854,0.09285376778752803,0.16033792069802344,0.16846091883280673,0.0,86.39985984110287,excellent_trajectory_model_for_reference_free_derivative_analysis,False,approach_final,25.670985833620904,99.63628949518338,71.15505894959588,100.0,100.0,100.0,100.0,10.297581322122692,17.027828999240903,36.76786442369601,2.7142706831328107,0.0009530764715126715,0.010537625279035885,1.850811924702934,0.0002788774315711742,3.825484261280675,0.8302004845917532,0.0006146974279897835,5.488488972269937e-05,220.91038118111246,219.8038296188934,0.975457626428347,0.13109393579072534,local_tuning_candidate:policy_base;base=turn_or_transition_more_knots_shared_boundary_velocity,11500.0,1.0,0.054,4.0,5.5,0.004,0.08,,,,5.5,,,,,,,,,10,10,21,
bea_v_spline_smooth,comp_0001_seg_0042,comp_0001,descent,1766853547.0,1766853624.0,77.0,74,3142,3215,comp_0001_bnd_0041,comp_0001_bnd_0042,34.58821284172415,34.38661599228882,3.7289553742675277,20.544556161189675,63.48582099550727,90.99098078193941,20.48820040232397,63.44179938204238,90.94773409405401,2.693102898308439,7.680981161853685,10.827067255495649,0.761309238367321,1.414320127135458,1.4321652455126868,0.08790883383593538,0.22638232821279006,0.3201795889296094,0.0,88.08676793959953,excellent_trajectory_model_for_reference_free_derivative_analysis,False,approach_final,93.8140562311457,100.0,74.77391429909974,100.0,100.0,28.652549040060695,100.0,1.9924219359865032,2.735261484342131,33.36947675052826,0.4990853137361405,0.00026588114680502315,0.002830375671788899,0.277874961641793,3.606903567026661e-05,0.6819531956973075,0.15736188240816387,0.00018385838453233963,1.4741539956863665e-05,59.32357983155169,58.926235987757266,0.37557550195083195,0.02176834184359043,local_tuning_candidate:short_transition_strong_derivative_guard;base=steady_airborne_default,148800.0,2.4,0.0078,8.0,12.6,0.0064,0.16,,,,12.6,,,,,,,,,10,10,9,
bea_v_spline_smooth,comp_0001_seg_0043,comp_0001,descent__turn_left_slow,1766853624.0,1766853690.0,66.0,63,3215,3277,comp_0001_bnd_0042,comp_0001_bnd_0043,151.20621717976584,151.19248008753218,2.0381557339159704,113.11626344087516,238.09554659158383,242.03688376015936,113.11620995747073,238.08893827938755,242.02919723495387,1.3461819497260876,3.9591182909972757,6.003945332301782,1.6403830723277892,3.17171931865659,3.2157722475944532,0.0861853701301088,0.14497247767435895,0.1685830076233463,0.0,86.82396190548224,excellent_trajectory_model_for_reference_free_derivative_analysis,False,approach_final,18.57663407757042,98.84295465990508,80.01896235869283,100.0,100.0,100.0,100.0,10.94667346007766,18.24687902036667,28.93024328239182,3.2733279926677,0.0009407518142383862,0.013903087470029036,1.645682080248277,0.0002591361315377961,3.2025652523993258,0.7680715791959462,0.0005656264889303019,7.241405236805488e-05,245.12639080338226,244.39927700794294,0.5724080953702415,0.13109393579072534,local_tuning_candidate:policy_base;base=turn_or_transition_more_knots_shared_boundary_velocity,11500.0,1.0,0.054,4.0,5.5,0.004,0.08,,,,5.5,,,,,,,,,10,10,21,
bea_v_spline_smooth,comp_0001_seg_0044,comp_0001,descent,1766853690.0,1766853730.0,40.0,41,3277,3317,comp_0001_bnd_0043,comp_0001_bnd_0044,38.39519671413986,38.35866340339338,1.674536539662865,32.54794359612736,56.825150959077384,97.54293544841143,32.54771195696305,56.76728977377301,97.53404010673982,0.8172592086943951,3.3996154710509927,3.6866275367888193,0.4754487956799601,1.0887926282469618,1.1380078382454335,0.049512939991118714,0.10315344854307616,0.11201436513030051,0.0,86.79280896764409,excellent_trajectory_model_for_reference_free_derivative_analysis,False,approach_final,91.35793760378075,100.0,86.43660284493991,100.0,100.0,0.0,100.0,1.752594313545067,2.2095428998364723,23.259701607679943,0.6035969516583748,0.00046904208944928384,0.009645031541518023,0.2512047189508844,3.891622317285073e-05,0.5475804331159608,0.04703514603714057,0.00027385330176643834,5.023453926338578e-05,62.33826506532541,62.05330273790827,0.1461439154165941,0.08163265306122448,local_tuning_candidate:policy_base;base=steady_airborne_default,62000.0,1.0,0.052,5.0,7.0,0.002,0.08,,,,7.0,,,,,,,,,10,10,13,
bea_v_spline_smooth,comp_0001_seg_0045,comp_0001,descent__turn_left_slow,1766853730.0,1766853807.0,77.0,67,3317,3383,comp_0001_bnd_0044,comp_0001_bnd_0045,64.78282888827474,64.7454879992542,2.199250441835859,50.95644686511288,107.09919246940737,113.18921051526169,50.92963653948213,107.0550761126519,113.18651608042343,1.5144746656361576,3.8714187023728748,5.810619841301786,1.664690849218722,3.0248152468103853,3.125682636912149,0.11877855314187065,0.22861211911992704,0.3795042379979232,0.0,94.9289627826971,excellent_trajectory_model_for_reference_free_derivative_analysis,False,approach_final,74.33365878175823,100.0,87.55577330553808,100.0,100.0,100.0,100.0,8.73860446505726,16.752280103329454,22.265304824843735,4.151918736933599,0.0013933561274113695,0.027797778302544644,1.8948638000726394,0.0004116623704387455,3.0898417346998137,0.8818970116353653,0.0006586657637222702,0.00014479390829339774,106.87832564740528,106.15974191095373,0.5906175787411904,0.1279661577103576,local_tuning_candidate:policy_base;base=turn_or_transition_more_knots_shared_boundary_velocity,11500.0,1.0,0.054,4.0,5.5,0.004,0.08,,,,5.5,,,,,,,,,10,10,22,
bea_v_spline_smooth,comp_0001_seg_0046,comp_0001,energy_constant__turn_left_slow,1766853807.0,1766853835.0,28.0,29,3383,3411,comp_0001_bnd_0045,comp_0001_bnd_0046,20.33885625009505,20.18087843337975,2.530063086007653,19.75611475101029,32.38774595606311,41.00973415146432,19.67312933108133,32.30280095535604,41.0095121996202,1.302640096223854,4.899583235073328,5.21271638154883,1.4521115025366784,3.0686953056845505,3.15840842393203,0.21204256546453265,0.35529903581334704,0.8829238316082976,0.0,93.92086450673152,excellent_trajectory_model_for_reference_free_derivative_analysis,False,airborne,100.0,100.0,93.6898124160407,100.0,100.0,49.304945201649765,100.0,2.6935797405992337,3.6967569499645534,16.80388518732327,1.4985992446440244,0.0016865463359992657,0.02025057899069019,1.1998786818631477,0.00026632324156119374,1.8115867111810353,0.21312335204445437,0.0007179397256929971,0.00010547176557869233,33.756027117155895,33.163920149204344,0.45533891752348044,0.07025693133981711,local_tuning_candidate:smoother;base=turn_or_transition_more_knots_shared_boundary_velocity,20700.0,1.8,0.0378,5.0,7.425000000000001,0.006,0.10400000000000001,,,,7.425000000000001,,,,,,,,,10,10,11,
bea_v_spline_smooth,comp_0001_seg_0047,comp_0001,level_decel,1766853835.0,1766853953.0,118.0,119,3411,3529,comp_0001_bnd_0046,comp_0001_bnd_0047,21.70506140305878,21.637802499081285,1.70739378038688,16.029111954213455,38.27006210831391,51.57923133889384,16.02908218585851,38.23682955080459,51.5676658166355,0.6140110704909603,3.9875857526389717,5.689884090260648,0.3623537222959466,0.6502048608536954,3.5274731434151354,0.19095472116580067,0.2207059130320304,1.9810814101994303,0.0,93.3965683483479,excellent_trajectory_model_for_reference_free_derivative_analysis,False,airborne,100.0,100.0,92.59324069374398,100.0,100.0,45.81649837348847,100.0,1.84383395821516,3.398736248688285,17.756965865705958,1.13033849632995,0.00042934874086127545,0.008149117552435964,0.1099795176048992,2.5246318095664045e-05,0.3056393677075948,0.20370454560841886,0.00016361826667510217,4.244709664755748e-05,36.682741817236774,36.468790141799325,0.132319022376222,0.08163265306122448,local_tuning_candidate:policy_base;base=steady_airborne_default,62000.0,1.0,0.052,5.0,7.0,0.002,0.08,,,,7.0,,,,,,,,,8,8,25,
bea_v_spline_smooth,comp_0001_seg_0048,comp_0001,descent,1766853953.0,1766854176.0,223.0,199,3529,3727,comp_0001_bnd_0047,,19.900969144697935,19.801903013899807,1.9832321917326767,12.417896697784908,36.047009857242074,74.159419880037,12.284600187226348,35.94906250282788,74.13446054268837,1.1632844326129543,3.8425196999415383,6.84444665387764,0.13568920260017686,0.26677235517104514,0.3138430408978514,0.01587894015252694,0.034511194581886166,0.04309659323543499,0.0,92.19078357772428,excellent_trajectory_model_for_reference_free_derivative_analysis,False,approach_final,100.0,100.0,96.1629256885953,100.0,100.0,28.04715467549023,100.0,2.2310028973390907,3.7384237432684255,14.678525479016514,1.0738741239223035,0.00022278080712203076,0.0031413844783776995,0.03039601068289259,7.855499774149997e-06,0.22153066362932697,0.1557273176238236,7.641784952479473e-05,1.6362334138116163e-05,34.40369531881289,34.31227141649651,0.011934682653674498,0.07948921966271422,local_tuning_candidate:policy_base;base=steady_airborne_default,62000.0,1.0,0.052,5.0,7.0,0.002,0.08,,,,7.0,,,,,,,,,8,8,32,
